no_1,obs_code,manageme_1,name_K_1,name_E_1,watershe_1,address_1,long,lat_1,start_1,Ele,level_1,remark_1
1,10014010,환경부,평창군(월정분교),Pyeongchanggun(Woljeongbungyo),한강,강원도 평창군 진부면 내동산길 4 진부초등학교 월정?,128.599167,37.709444,1916-01-01,614.2,우수(B),
2,10014020,환경부,정선군(정선군2청사),Jeongseongun(Jeongseongun2chungsa),한강,강원도 정선군 정선읍 녹송4길 71 정선군 제2청사,128.673611,37.383333,1916-07-01,316.7,우수(B),
3,10014080,환경부,강릉시(대기리),Gangneungsi(Daegiri),한강,강원도 강릉시 왕산면 대기리 922-1,128.7775,37.586111,1983-07-01,632.2,우수(B),
4,10014090,환경부,정선군(고한읍사무소),Jeongseongun(Gohaneupsamuso),한강,강원도 정선군 고한읍 고한2길 1 고한읍행정복지센터,128.851667,37.204167,1983-07-01,724.2,우수(B),
5,10014100,환경부,삼척시(번천리),Samcheoksi(Beoncheonri),한강,강원도 삼척시 하장면 번천리 125-1,128.997222,37.365833,1983-07-01,739,우수(B),
6,10014110,수자원공사,평창군(상진부리),Pyeongchanggun(Sangjinburi),한강,강원도 평창군 진부면 상진부리 42-4,128.575833,37.660833,1985-08-30,574,최적(A),
7,10014120,수자원공사,평창군(수하리),Pyeongchanggun(Suhari),한강,강원도 평창군 대관령면 수하리 142-2,128.705278,37.661944,1985-08-30,800,최적(A),
8,10014130,수자원공사,정선군(여탄리),Jeongseongun(Yeotanri),한강,강원도 정선군 정선읍 여탄리 300-3,128.701944,37.386111,1985-08-30,300,최적(A),
9,10014140,수자원공사,정선군(송계리),Jeongseongun(Songgyeri),한강,강원 정선군 임계면 서동로 4142-12,128.817778,37.496944,1985-08-30,498,최적(A),
10,10014150,수자원공사,정선군(직전리),Jeongseongun(Jikjeonri),한강,강원도 정선군 사북면 직전리 588-2,128.813889,37.240556,1985-08-30,790,최적(A),
11,10014160,수자원공사,평창군(율치리),Pyeongchanggun(Yulchiri),한강,강원도 평창군 미탄면 돈너머길 250-6,128.490278,37.327778,1992-06-15,610,최적(A),
12,10014170,수자원공사,강릉시(대기리2),Gangneungsi(Daegiri2),한강,강원도 강릉시 왕산면 배나드리길 8,128.742222,37.575833,1986-05-10,620,최적(A),(관측소명 변경) 강릉시(대기리) → 강릉시(대기리2)
13,10014180,수자원공사,삼척시(광동리),Samcheoksi(Gwangdongri),한강,강원도 삼척시 하장면 광동리 120,128.933889,37.3525,1986-05-10,600,최적(A),
14,10014190,수자원공사,삼척시(광동댐),Samcheoksi(Gwangdongdam),한강,강원도 삼척시 하장면 백두대간로 2173-100,128.963889,37.338889,1989-01-01,681,최적(A),
15,10014197,수자원공사,태백시(상사미동),Taebaeksi(Sangsamidong),한강,강원도 태백시 백두대간로 1373,128.988889,37.283056,2007-12-24,714.9,최적(A),
16,10014200,수자원공사,평창군(회동리),Pyeongchanggun(Hoedongri),한강,강원도 평창군 미탄면 수리재길 21,128.485,37.375,1992-06-15,660,최적(A),
17,10014210,수자원공사,평창군(수항리),Pyeongchanggun(Suhangri),한강,강원도 평창군 진부면 오대천로 936-39,128.565278,37.563611,1992-06-15,490,최적(A),
18,10014220,수자원공사,정선군(문곡리),Jeongseongun(Mungokri),한강,강원도 정선군 남면 문곡리 산273-5,128.676389,37.271111,1992-06-15,800,최적(A),
19,10014230,수자원공사,정선군(유천리),Jeongseongun(Yucheonri),한강,강원도 정선군 여량면 노추산로 205,128.7175,37.49,1982-07-01,380,최적(A),(주소 변경) 노추산로 203 → 노추산로 205
20,10014240,수자원공사,정선군(덕암리),Jeongseongun(Deogamri),한강,강원도 정선군 임계면 덕암리 297-1,128.831111,37.36,1992-06-15,720,최적(A),
21,10014260,한수원,송천1교,Songcheon 1 Kyo,한강,강원도 평창군 대관령면 횡계리 661,128.709722,37.668056,2013-12-30,734.64,보통(C),한강홍수통제소
22,10024010,환경부,평창군(가평초교),Pyeongchanggun(Gapyeongchogyo),한강,강원도 평창군 대화면 가평로 400 가평초등학교,128.482222,37.447222,1915-01-14,472.9,우수(B),
23,10024060,환경부,평창군(방림면사무소),Pyeongchanggun(Bangrimmyeonsamuso),한강,강원도 평창군 방림면 서동로 1337 방림면사무소,128.394167,37.426389,1964-06-14,364,우수(B),
24,10024090,환경부,평창군(흥정리),Pyeongchanggun(Heungjeongri),한강,강원도 평창군 봉평면 흥정리계곡4길 61-4,128.316944,37.651111,1982-07-14,651.4,우수(B),
25,10024100,환경부,평창군(계촌리),Pyeongchanggun(Gyechonri),한강,강원도 평창군 방림면 고원로 1249 (구)헴프전시체험?,128.345556,37.454167,1982-07-01,450.1,우수(B),
26,10024110,환경부,평창군(유포리),Pyeongchanggun(Yupori),한강,강원도 평창군 봉평면 유포리 597-10,128.377222,37.525556,1982-07-14,489.2,우수(B),
27,10024120,환경부,평창군(유포리2),Pyeongchanggun(Yupori2),한강,강원도 평창군 봉평면 금당계곡로 1761 (구)등매비룡?,128.393333,37.551667,1982-07-01,492.5,우수(B),
28,10024130,환경부,평창군(도사리),Pyeongchanggun(Dosari),한강,강원도 평창군 용평면 도사리 332-1,128.439167,37.610556,1982-07-14,566.6,우수(B),장비고장 일시운영정지 (5.15~5.17)
29,10024140,환경부,평창군(고길리),Pyeongchanggun(Gogilri),한강,강원도 평창군 평창읍 고길리 산1-2,128.456111,37.404722,1982-07-14,456.9,우수(B),
30,10024150,환경부,평창군(신리),Pyeongchanggun(Sinri),한강,강원도 평창군 대화면 신리 597-8 송빈공원,128.456944,37.534444,1982-07-14,484.9,우수(B),
31,10024160,환경부,평창군(이승복기념관),Pyeongchanggun(Iseungbokginyeomgwan),한강,강원도 평창군 용평면 운두령로 500-11 이승복기념관,128.462778,37.674167,1982-07-01,704.6,우수(B),
32,10024170,수자원공사,영월군(무릉리),Yeongwolgun(Mureungri),한강,강원도 영월군 무릉도원면 명마동길 24-3,128.281944,37.284444,1985-08-30,270,최적(A),
33,10024180,수자원공사,평창군(계촌리2),Pyeongchanggun(Gyechonri2),한강,강원도 평창군 방림면 계촌리 산582-4,128.296111,37.446389,1985-08-30,680,최적(A),(관측소명 변경) 평창군(계촌리) → 평창군(계촌리2)
34,10024190,수자원공사,평창군(원길리),Pyeongchanggun(Wongilri),한강,강원도 평창군 봉평면 원길리 417-2,128.378056,37.631944,1985-08-30,300,최적(A),
35,10024200,수자원공사,평창군(후평리),Pyeongchanggun(Hupyeongri),한강,강원도 평창군 평창읍 후평길 62,128.386944,37.377778,1985-08-30,295,최적(A),
36,10024210,수자원공사,평창군(대화리),Pyeongchanggun(Daehwari),한강,강원도 평창군 대화면 대화리 산427,128.455,37.492778,1985-08-30,500,최적(A),
37,10024220,수자원공사,영월군(북쌍리),Yeongwolgun(Bukssangri),한강,강원도 영월군 남면 북쌍리 257-4,128.409167,37.194167,1985-08-30,200,최적(A),
38,10024230,수자원공사,횡성군(부곡리),Hoengseonggun(Bugokri),한강,강원도 횡성군 강림면 태종로 753,128.079167,37.328611,1986-05-10,480,최적(A),
39,10024240,수자원공사,원주시(황둔리),Wonjusi(Hwangdunri),한강,강원도 원주시 신림면 황둔리 1588-8,128.1425,37.251111,1992-06-15,460,최적(A),
40,10024250,수자원공사,횡성군(상안리),Hoengseonggun(Sanganri),한강,강원도 횡성군 안흥면 서동로상안2길 25-24,128.189722,37.411667,1967-01-01,480,최적(A),
41,10024260,수자원공사,영월군(연덕리),Yeongwolgun(Yeondeokri),한강,강원도 영월군 북면 연덕리 산222,128.421389,37.282778,1992-06-15,360,최적(A),
42,10034050,환경부,단양군(영춘중교),Danyanggun(Yeongchunjoonggyo),한강,충청북도 단양군 영춘면 온달평강로 105 영춘중학교,128.484167,37.082222,1962-07-01,176.8,우수(B),
43,10034060,환경부,제천시(덕주휴게소),Jecheonsi(Deokjuhugaeso),한강,충청북도 제천시 한수면 송계리 1149 덕주휴게소,128.088611,36.863611,1984-03-05,214.9,우수(B),장비고장 일시운영정지 (11.8~11.9)
44,10034070,환경부,단양군(올산리),Danyanggun(Olsanri),한강,충청북도 단양군 대강면 올산리 159-2,128.372222,36.84,1984-03-05,572.3,우수(B),
45,10034080,수자원공사,제천시(평동리),Jecheonsi(Pyeongdongri),한강,충청북도 제천시 백운면 평동리 229-5,128.0225,37.138889,1985-08-30,200,최적(A),
46,10034090,수자원공사,제천시(물태리),Jecheonsi(Multaeri),한강,충청북도 제천시 청풍면 물태리 산8,128.17,36.995278,1985-08-30,180,최적(A),
47,10034100,수자원공사,단양군(하방리),Danyanggun(Habangri),한강,충청북도 단양군 단성면 하방리 산15-2,128.325,36.9425,1985-08-30,265,최적(A),
48,10034110,수자원공사,단양군(오사리),Danyanggun(Osari),한강,충청북도 단양군 영춘면 오사리 339-2,128.510833,37.099167,1985-08-30,170,최적(A),
49,10034120,수자원공사,영월군(주문리),Yeongwolgun(Jumunri),한강,강원도 영월군 김삿갓면 모운동길 461-23,128.614444,37.139167,1985-08-30,540,최적(A),
50,10034130,수자원공사,충주시(충주댐),Chungjusi(Chungjudam),한강,충청북도 충주시 동량면 지등로 620,127.992222,37.0075,1985-08-30,100,우수(B),
51,10034140,수자원공사,단양군(가평리),Danyanggun(Gapyeongri),한강,충청북도 단양군 매포읍 가평3길 3,128.285556,37.069167,1986-05-10,200,최적(A),
52,10034150,수자원공사,제천시(삼거리),Jecheonsi(Samgeori),한강,충청북도 제천시 봉양읍 삼거리 산220-3,128.135278,37.087778,1992-06-15,320,최적(A),
53,10034160,수자원공사,제천시(도전리),Jecheonsi(Dojeonri),한강,충청북도 제천시 덕사면 도전리 907-9,128.1575,36.899722,1992-06-15,350,최적(A),
54,10034170,수자원공사,단양군(율곡리),Danyanggun(Yulgokri),한강,충청북도 단양군 어상천면 율곡리 199,128.381389,37.059722,1992-06-15,210,최적(A),
55,10034180,수자원공사,영월군(내리),Yeongwolgun(Naeri),한강,강원도 영월군 김삿갓면 내리 280,128.7075,37.095278,1992-06-15,810,최적(A),
56,10044010,환경부,괴산군(청천면사무소),Goesangun(Cheongcheonmyeonsamuso),한강,충청북도 괴산군 청천면 괴산로 1342-1 청천면사무소,127.7375,36.660556,1960-08-01,182.9,우수(B),
57,10044020,환경부,충주시(수안보면사무소),Chungjusi(Suanbomyeonsamuso),한강,충청북도 충주시 수안보면 관동길 9-9 수안보면행정복,127.994722,36.847222,1962-07-01,218.6,우수(B),장비고장 일시운영정지 (9.27~10.1)
58,10044030,환경부,괴산군(연풍초교),Goesangun(Yeonpungchogyo),한강,충청북도 괴산군 연풍면 중앙로 53 연풍초등학교,127.9975,36.761944,1962-07-01,228.5,우수(B),장비고장 일시운영정지 (6.10~6.11)
59,10044060,환경부,보은군(법주분교),Boeungun(Beopjubungyo),한강,충청북도 보은군 속리산면 속리산로 743 수정초등학교,127.806389,36.510278,1973-01-01,325.2,보통(C),장비고장 일시운영정지 (5.30~5.31)
60,10044080,환경부,상주시(입석분교),Sangjusi(Ipseokbungyo),한강,경상북도 상주시 화북면 문장로 2645 화북초등학교 입,127.886111,36.638056,1984-01-01,266.5,우수(B),장비고장 일시운영정지 (5.15~5.18)
61,10044090,환경부,보은군(법주사),Boeungun(Beopjusa),한강,충청북도 보은군 속리산면 법주사로 421 법주사,127.8325,36.540833,1984-03-05,357.9,우수(B),
62,10044100,수자원공사,괴산군(고마리),Goesangun(Gomari),한강,충청북도 괴산군 소수면 고마리 339-1,127.734167,36.818333,1985-08-30,200,최적(A),
63,10044110,환경부,청주시(성대리),Cheongjusi(Seongdaeri),한강,충청북도 청주시 상당구 미원면 성대리 596-29,127.658333,36.617222,1989-07-01,229.6,우수(B),
64,10044120,수자원공사,충주시(대곡리),Chungjusi(Daegokri),한강,충청북도 충주시 주덕읍 대곡리 387-5,127.760556,36.963056,1991-11-12,110,최적(A),
65,10044130,수자원공사,충주시(향산리),Chungjusi(Hyangsanri),한강,충청북도 충주시 살미면 향산리 492,127.924167,36.924722,1991-11-12,100,최적(A),
66,10044140,수자원공사,괴산군(오가리),Goesangun(Ogari),한강,충청북도 괴산군 장연면 오가리 641-12,127.954444,36.81,1991-11-12,300,최적(A),
67,10044150,환경부,음성군(음성고교),Eumseonggun(Eumseonggogyo),한강,충청북도 음성군 음성읍 중앙로 109-16 음성고등학교,127.686111,36.934167,1996-12-01,180,우수(B),
68,10044160,환경부,괴산군(송면중교),Goesangun(Songmyeonjoonggyo),한강,충청북도 괴산군 청천면 문장로 2915 송면중학교,127.874722,36.66,1996-12-01,241.6,우수(B),
69,10044170,환경부,괴산군(문당리),Goesangun(Mundangri),한강,충청북도 괴산군 청안면 문당리 932-2,127.671667,36.741389,1998-03-01,298.9,우수(B),장비고장 일시운영정지 (5.28~6.1)
70,10044180,환경부,보은군(탁주리),Boeungun(Takjuri),한강,충청북도 보은군 산외면 탁주리 105-2 원평삼거리,127.748889,36.569722,1998-03-01,269.8,우수(B),
71,10044182,한수원,괴산댐,Kwoesan Dam,한강,충청북도 괴산군 칠성면 산막이옛길 43,127.843056,36.759167,1986-01-06,117.5,보통(C),
72,10044270,한수원,송면리,Songmyeon Li,한강,충청북도 괴산군 청천면 송면리 120,127.863611,36.671389,2008-06-20,226,보통(C),
73,10044280,한수원,미원리,Miwon Li,한강,충청북도 청원군 미원면 미원리 403-4,127.659722,36.622778,2008-06-20,225,보통(C),
74,10044282,한수원,내속리,Naesog Li,한강,충청북도 보은군 내속리면 상판리 86-9,127.811111,36.510833,2008-06-20,325,보통(C),
75,10044284,한수원,부흥리,Buhueng Li,한강,충청북도 괴산군 청안면 부흥리 264,127.731944,36.703056,2008-06-20,197,보통(C),
76,10044285,한수원,고성교,Kosung Kyo,한강,충청북도 괴산군 청천면 고성리 575,127.763333,36.666111,2020-06-04,167.58,보통(C),
77,10044286,한수원,후영교,Huyoung Kyo,한강,충청북도 괴산군 청천면 후영리 499,127.812222,36.704722,2020-06-04,149.25,보통(C),
78,10054010,환경부,원주시(법천교),Wonjusi(Beopcheongyo),한강,강원도 원주시 부론면 법천리 법천교,127.754167,37.204444,1962-07-01,56.7,우수(B),
79,10054020,환경부,충주시(엄정면사무소),Chungjusi(Aumjungmyeonsamuso),한강,충청북도 충주시 엄정면 내창로 185 엄정면행정복지센,127.915,37.086389,1962-07-01,83.7,우수(B),
80,10054030,환경부,충주시(용대리),Chungjusi(Yongdaeri),한강,충청북도 충주시 앙성면 용대리 485-1,127.751667,37.086944,1989-07-01,205,우수(B),
81,10064020,환경부,횡성군(횡성군청),Hoengseonggun(Hoengseonggunchung),한강,강원도 횡성군 횡성읍 태기로 15 횡성군청,127.985,37.492222,1916-07-01,138.7,우수(B),
82,10064030,환경부,양평군(양동주민자치센터),Yangpyeonggun(Yangdongjuminjachicenter),한강,경기도 양평군 양동면 학둔지아래길 24 양동주민자치?,127.751389,37.424444,1962-07-01,135.2,우수(B),
83,10064040,환경부,횡성군(청일면사무소),Hoengseonggun(Cheongilmyeonsamuso),한강,강원도 횡성군 청일면 유동로 17 청일면행정복지센터,128.150278,37.583889,1962-07-01,231.4,우수(B),
84,10064050,환경부,원주시(지정면사무소),Wonjusi(Jijungmyeonsamuso),한강,강원도 원주시 지정면 간현로 126 지정면행정복지센터,127.839722,37.362222,1966-09-01,72.2,우수(B),
85,10064060,환경부,원주시(문막교),Wonjusi(Munmakgyo),한강,강원도 원주시 문막읍 문막리 문막교,127.810278,37.305,1980-06-01,65,우수(B),
86,10064070,환경부,원주시(서곡초교),Wonjusi(Seogokchogyo),한강,강원도 원주시 판부면 용수골길 159 서곡초등학교,127.939444,37.298333,1996-12-01,189.3,우수(B),
87,10064080,환경부,횡성군(우항리),Hoengseonggun(Uhhangri),한강,강원도 횡성군 우천면 우항리 658-3,128.065278,37.461667,1998-03-01,189.6,우수(B),
88,10064090,환경부,원주시(흥양초교),Wonjusi(Huengyangchogyo),한강,강원도 원주시 소초면 하초구길 6 흥양초등학교,127.997778,37.380556,1998-03-01,187.4,우수(B),장비고장 일시운영정지 (3.1~3.4)
89,10064100,수자원공사,횡성군(춘당리),Hoengseonggun(Chundangri),한강,강원도 횡성군 청일면 춘당리 653-5,128.148056,37.612778,1999-06-22,290,최적(A),
90,10064110,수자원공사,횡성군(갑천리),Hoengseonggun(Gapcheonri),한강,강원도 횡성군 청일면 갑천리 303-1,128.182778,37.571944,1999-06-22,240,최적(A),
91,10064120,수자원공사,횡성군(횡성댐),Hoengseonggun(Hoengseongdam),한강,강원도 횡성군 갑천면 대관대리 45-4,128.033056,37.544167,1999-12-30,186,최적(A),
92,10074010,환경부,양평군(양평교),Yangpyeonggun(Yangpyeonggyo),한강,경기도 양평군 양평읍 양근리 양평대교,127.49,37.486389,1914-01-01,40.1,우수(B),장비고장 일시운영정지 (5.15~5.17)
93,10074030,환경부,여주시(여주대교),Yeojusi(Yeojudaegyo),한강,경기도 여주시 상동 여주대교,127.648056,37.295556,1962-07-01,51.5,우수(B),
94,10074040,환경부,양평군(청운면사무소),Yangpyeonggun(Cheongunmyeonsamuso),한강,경기도 양평군 청운면 용두로 170 청운면사무소,127.710556,37.556389,1964-07-01,129.8,우수(B),
95,10074050,환경부,음성군(생극면사무소),Eumseonggun(Seanggeukmyeonsamuso),한강,충청북도 음성군 생극면 음성로 1646 생극면행정복지?,127.606944,37.034167,1965-11-01,91.1,우수(B),
96,10074060,환경부,이천시(이천남초교),Icheonsi(Icheonnamchogyo),한강,경기도 이천시 경충대로 2614번길 32 이천남초등학교,127.444722,37.276389,1974-07-01,82.5,우수(B),
97,10074070,환경부,여주시(금당초교),Yeojusi(Kumdangchogyo),한강,경기도 여주시 가남읍 가남로 649 금당초등학교,127.605278,37.1975,1988-12-01,94.7,우수(B),
98,10074080,환경부,안성시(삼죽초교),Anseongsi(Samjukchogyo),한강,경기도 안성시 삼죽면 삼죽초교길 20 삼죽초등학교,127.374444,37.076667,1989-07-01,120.8,우수(B),
99,10074090,환경부,이천시(장천초교),Icheonsi(Jangcheonchogyo),한강,경기도 이천시 설성면 설성로 164-25 장천초등학교,127.5275,37.145833,1989-07-01,107.8,우수(B),장비고장 일시운영정지 (5.15~5.17)
100,10074100,환경부,여주시(주암리),Yeojusi(juamni),한강,경기도 여주시 북내면 주암길 225-3 (구)주암분교,127.679444,37.397222,1996-12-01,83.4,우수(B),
101,10074110,환경부,광주시(검천리),Gwangjusi(Geomcheonri),한강,경기도 광주시 남종면 검천리 362,127.342222,37.530833,1998-03-01,35,우수(B),
102,10074120,환경부,여주시(상품중교),Yeojusi(Sangpumjoonggyo),한강,경기도 여주시 산북면 상품1길 28 상품중학교,127.439444,37.401944,1998-03-01,125.5,우수(B),
103,10094010,수자원공사,화천군(평화의댐),Hwacheongun(Pyeonghwauidam),한강,강원도 화천군 화천읍 평화로 3481-18,127.846389,38.213889,1999-05-08,276.6,우수(B),
104,10104010,환경부,화천군(화천군청),Hwacheongun(Hwacheongunchung),한강,강원도 화천군 화천읍 화천새싹길 45 화천군청,127.708333,38.105833,1916-01-01,112.8,우수(B),
105,10104020,환경부,화천군(다목초교),Hwacheongun(Damokchogyo),한강,강원도 화천군 상서면 다파로 9-4 다목초등학교,127.536111,38.175833,1962-07-01,435.2,우수(B),
106,10104030,환경부,양구군(방산초교),Yanggugun(Bangsanchogyo),한강,강원도 양구군 방산면 평화로 5121-7 방산초등학교,127.943056,38.210278,1962-07-01,253.8,우수(B),
107,10104040,환경부,화천군(명월리),Hwacheongun(Myeongwallri),한강,강원도 화천군 사내면 명월리 221-2,127.530833,38.125278,1962-09-01,408.5,우수(B),
108,10104048,한수원,화천댐,Hwacheon Dam,한강,강원도 화천군 간동면 어룡동길 42,127.761111,38.098611,1986-01-06,116,보통(C),
109,10104050,환경부,화천군(화천댐),Hwacheongun(Hwacheondam),한강,강원도 화천군 간동면 구만리 화천댐,127.777222,38.1175,1974-07-01,190.1,우수(B),
110,10104060,환경부,양구군(금악리),Yanggugun(Geumakri),한강,강원도 양구군 방산면 금악리 484-4,127.931389,38.193333,1998-01-01,241.2,우수(B),
111,10104070,환경부,춘천시(지촌초교),Chuncheonsi(Jichonchogyo),한강,강원도 춘천시 사북면 지촌길 130 지촌초등학교,127.645278,38.0375,1998-04-01,119.1,우수(B),
112,10104080,환경부,화천군(상승초교),Hwacheongun(Sangseungchogyo),한강,강원도 화천군 상서면 평촌길 126-30 상승초등학교,127.649444,38.158056,1998-07-01,172.7,우수(B),
113,10104082,한수원,춘천댐,Chuncheon Dam,한강,강원도 춘천시 신북읍 영서로 3741,127.669444,37.967222,1986-01-06,80,보통(C),
114,10104170,한수원,남전교,Namjeon Kyo,한강,강원도 양구군 방산면 오미리 979,127.899444,38.185833,2013-12-30,215.44,보통(C),
115,10104171,한수원,정림교,Jeonglim Kyo,한강,강원도 양구군 양구읍 정림리 425,127.9825,38.110556,2013-12-30,258.22,보통(C),
116,10104172,한수원,용신교,Yongsin Kyo,한강,강원도 화천군 화천읍 신읍리 1406,127.701667,38.1125,2013-12-30,116.43,보통(C),
117,10104173,한수원,구 오탄교,Gu Otan Kyo,한강,강원도 화천군 하남면 서오지리 735,127.635,38.050556,2013-12-30,130.09,보통(C),
118,10104174,한수원,약수교,Yaksu Kyo,한강,강원도 양구군 동면 후곡리 699,128.043056,38.1675,2020-06-04,257.16,보통(C),
119,10114030,수자원공사,인제군(서성초교),Injegun(Seoseongchogyo),한강,강원도 인제군 금강로 1801-42,128.208333,38.231111,1972-08-11,200,우수(B),
120,10114040,수자원공사,인제군(한계초교),Injegun(Hangyechogyo),한강,강원도 인제군 북면 한계1길 33,128.2575,38.140833,1972-08-11,380,우수(B),
121,10114050,환경부,인제군(백담산장),Injegun(Baekdamsanjang),한강,강원도 인제군 북면 백담로 805 백담산장,128.375278,38.159722,1983-07-01,480.4,보통(C),
122,10114070,수자원공사,인제군(덕적리),Injegun(Deokjeokri),한강,강원도 인제군 인제읍 덕적길 271,128.290278,38.071389,2008-02-25,649,우수(B),
123,10114080,수자원공사,인제군(용대초교),Injegun(Yongdaechogyo),한강,강원도 인제군 북면 미시령로 1031,128.329444,38.195,1987-05-04,335,우수(B),
124,10124020,환경부,인제군(신남중교),Injegun(Sinnamjoonggyo),한강,강원도 인제군 남면 신남로 47-35 신남중학교,128.080556,37.971111,1962-07-01,224,우수(B),
125,10124050,수자원공사,춘천시(추곡초교),Chuncheonsi(Chugokchogyo),한강,강원도 춘천시 북산면 북산로 34,127.881944,38.024167,1972-08-11,199,우수(B),
126,10124060,수자원공사,인제군(남전리),Injegun(Namjeonri),한강,강원도 인제군 남면 가로리길 65,128.152222,38.039722,1972-08-11,219,우수(B),(주소 변경) 자작나무숲길 133 → 가로리길 65
127,10124080,수자원공사,인제군(현리),Injegun(Hyeonri),한강,강원도 인제군 기린면 조침령로 194,128.336667,37.946389,1972-08-11,316,우수(B),
128,10124090,수자원공사,홍천군(창촌리),Hongcheongun(Changchonri),한강,강원도 홍천군 내면 창촌리 1733-1,128.379722,37.768611,1972-08-11,608,우수(B),
129,10124110,환경부,인제군(진동리),Injegun(Jindongri),한강,강원도 인제군 기린면 진동리 649-1,128.412778,37.964444,1983-07-01,414.6,우수(B),
130,10124120,환경부,홍천군(명개리),Hongcheongun(Myeonggaeri),한강,강원도 홍천군 내면 명개리 163-3,128.503333,37.85,1983-07-01,634.6,우수(B),
131,10124130,수자원공사,인제군(신남리),Injegun(Sinnamri),한강,강원도 인제군 남면 삼팔선로 2116-24,128.075556,37.966944,1987-05-04,213,우수(B),
132,10124140,수자원공사,인제군(상남초교),Injegun(Sangnamchogyo),한강,강원도 인제군 상남면 내린천로 2548,128.261667,37.872778,1987-05-04,404,우수(B),
133,10124150,수자원공사,인제군(귀둔리),Injegun(Guidunri),한강,강원도 인제군 인제읍 오작로 257-10,128.396944,38.011389,1992-08-01,528,우수(B),
134,10124160,수자원공사,홍천군(명개리2),Hongcheongun(Myeonggaeri2),한강,강원도 홍청군 내면 명개로 88,128.504444,37.849167,1992-08-01,636,우수(B),
135,10124170,환경부,춘천시(천전리),Chuncheonsi(Cheonjeonri),한강,강원도 춘천시 신북읍 천전리 61-20,127.789722,37.930278,1998-01-01,84,보통(C),
136,10124180,수자원공사,춘천시(소양강댐),Chuncheonsi(Soyanggangdam),한강,강원도 춘천시 신북읍 신샘밭로 868,127.813333,37.947222,2000-06-01,105,우수(B),
137,10134010,환경부,춘천시(소양2교),Chuncheonsi(Soyang2gyo),한강,강원도 춘천시 근화동 소양2교,127.7225,37.893056,1913-01-01,80,우수(B),
138,10134020,환경부,가평군(가평교),Gapyeonggun(Gapyeonggyo),한강,경기도 가평군 가평읍 읍내리 가평교,127.518056,37.831389,1982-08-01,63.5,우수(B),
139,10134030,환경부,가평군(화악교),Gapyeonggun(Hwaakgyo),한강,경기도 가평군 북면 소법리 화악교,127.566111,37.921389,1989-07-01,144.2,우수(B),장비고장 일시운영정지 (7.3~7.4)
140,10134032,한수원,의암댐,Uiam Dam,한강,강원도 춘천시 신동면 옛경춘로 62-15,127.6775,37.835833,1986-01-06,77.5,보통(C),
141,10134045,한수원,목동교,Mokdong Kyo,한강,경기도 가평군 북면 목동리 1077,127.548333,37.883056,2013-12-30,102.83,보통(C),
142,10144010,환경부,홍천군(홍천농고),Hongcheongun(Hongcheonnonggo),한강,강원도 홍천군 홍천읍 홍천로 678-15 홍천농업고등학?,127.91,37.706111,1916-01-01,138.5,우수(B),장비고장 일시운영정지 (4.29~4.30)
143,10144020,환경부,홍천군(서석면사무소),Hongcheongun(Seoseokmyeonsamuso),한강,강원도 홍천군 서석면 풍암길 10 서석면사무소,128.186389,37.713611,1960-08-01,327.6,우수(B),
144,10144040,환경부,홍천군(내촌면사무소),Hongcheongun(Naechonmyeonsamuso),한강,강원도 홍천군 내촌면 내촌길 27 내촌면행정복지센터,128.086944,37.816389,1963-05-01,223,우수(B),
145,10144050,환경부,홍천군(반곡교),Hongcheongun(Bangokgyo),한강,강원도 홍천군 서면 반곡리 반곡교,127.670556,37.693611,1966-09-01,80.9,우수(B),
146,10144060,환경부,홍천군(매산초교),Hongcheongun(Maesanchogyo),한강,강원도 홍천군 남면 시동안로 351 매산초등학교,127.845278,37.591111,1996-12-01,221.7,우수(B),
147,10144070,환경부,홍천군(삼포초교),Hongcheongun(Sampochogyo),한강,강원도 홍천군 화촌면 구룡령로 339 삼포초등학교,127.976389,37.756389,1996-12-01,156.9,우수(B),
148,10144080,환경부,홍천군(노천초교),Hongcheongun(Nocheonchogyo),한강,강원도 홍천군 동면 공작산로 1220 노천초등학교,128.015,37.668056,1996-12-01,271.3,우수(B),
149,10144090,환경부,홍천군(북방리),Hongcheongun(Bukbangri),한강,강원도 홍천군 북방면 북방리 826,127.849444,37.815556,1998-03-01,318.8,우수(B),
150,10144100,환경부,홍천군(두촌중교),Hongcheongun(Duchonjoonggyo),한강,강원도 홍천군 두촌면 증골길 61 두촌중학교,128.026111,37.871944,1998-03-01,225.1,우수(B),
151,10144165,한수원,성포교,Seongpo Kyo,한강,강원도 홍천군 화촌면 성산리 835-1,127.971389,37.766667,2013-12-30,156.58,보통(C),
152,10144180,한수원,한덕교,Handeog Kyo,한강,강원도 홍천군 서면 모곡리 산234,127.611111,37.675278,2013-12-30,69.63,보통(C),
153,10154010,환경부,가평군(하면사무소),Gapyeonggun(Hamyeonsamuso),한강,경기도 가평군 조종면 조종내길 71 조종면행정복지센?,127.353611,37.817778,1960-07-01,126.8,우수(B),장비고장 일시운영정지 (9.27~10.7)
154,10154020,환경부,가평군(신청평대교),Gapyeonggun(Sincheongpyeongdaegyo),한강,경기도 가평군 청평면 삼회리 산90 신청평대교,127.410278,37.718056,1974-07-01,41.5,우수(B),
155,10154030,환경부,가평군(중미산),Gapyeonggun(Joongmisan),한강,경기도 가평군 설악면 가일리 산 65-37 중미산고개,127.477222,37.592778,1996-12-01,494.4,우수(B),장비고장 일시운영정지 (4.29~4.30)
156,10154032,한수원,청평댐,Cheongpyung Dam,한강,경기도 가평군 설악면 유명로 2630,127.420556,37.722778,1986-01-06,42.2,보통(C),
157,10154035,한수원,산장제1교,Sanjang 1 Kyo,한강,경기도 가평군 상면 덕현리 734,127.410278,37.755,2013-12-30,62.33,보통(C),
158,10164010,환경부,광주시(광주시청),Gwangjusi(Gwangjusichung),한강,경기도 광주시 행정타운로 50 광주시청,127.254722,37.429444,1916-01-01,122.2,우수(B),
159,10164020,환경부,광주시(남한산초교),Gwangjusi(Namhansanchogyo),한강,경기도 광주시 중부면 남한산성로 770 남한산초등학교,127.185556,37.478333,1962-07-01,330.4,우수(B),장비고장 일시운영정지 (5.15~5.17)
160,10164030,환경부,용인시(포곡초교),Yonginsi(Pogokchogyo),한강,경기도 용인시 처인구 포곡읍 부곡로 24 포곡초등학교,127.219722,37.281111,1967-01-01,80.8,우수(B),
161,10164040,환경부,용인시(운학초교),Yonginsi(Unhakchogyo),한강,경기도 용인시 처인구 동부로 465번길 7 운학초등학교,127.245278,37.202778,1967-01-01,124.6,우수(B),
162,10164050,환경부,용인시(모현면사무소),Yonginsi(Mohyeonmyeonsamuso),한강,경기도 용인시 처인구 모현면 독점로 31-6 모현읍행정,127.242778,37.33,1967-01-01,64.5,우수(B),
163,10164060,환경부,용인시(용동중교),Yonginsi(Yongdongjoonggyo),한강,경기도 용인시 처인구 양지면 남곡로 26 용동중학교,127.283889,37.231389,1967-01-01,133,우수(B),
164,10164070,환경부,용인시(역삼동주민센터),Yonginsi(Yeoksamdongjumincenter),한강,경기도 용인시 처인구 명지로 16 역삼동행정복지센터,127.188333,37.234444,1974-07-04,114.8,우수(B),
165,10164075,한수원,경안교,Kyoungan Kyo,한강,경기도 광주시 오포읍 양벌리 16-9,127.251667,37.3925,2013-12-30,47.51,보통(C),
166,10164080,환경부,광주시(경안교),Gwangjusi(Gyeongangyo),한강,경기도 광주시 쌍령동 경안교,127.263056,37.406667,1989-07-01,48.2,우수(B),
167,10174020,환경부,남양주시(팔당댐),Namyangjusi(Paldangdam),한강,경기도 남양주시 조안면 다산로 320 팔당댐,127.283333,37.527222,1962-07-01,59.8,우수(B),
168,10184010,환경부,의정부시(중앙초교),Uijeongbusi(Joongangchogyo),한강,경기도 의정부시 호국로 1291번길 17 중앙초등학교,127.046389,37.744722,1916-01-01,81.8,우수(B),
169,10184020,환경부,포천시(내촌면사무소),Pocheonsi(Naechonmyeonsamuso),한강,경기도 포천시 내촌면 내촌로 70 내촌면사무소,127.228333,37.786111,1962-05-01,122.3,우수(B),장비고장 일시운영정지 (6.10~6.11)
170,10184040,환경부,성남시(한국학중앙연구원),Seongnamsi(Hankookhackjoongangyeonguwon),한강,경기도 성남시 분당구 하오개로 323 한국학중앙연구원,127.050833,37.392778,1962-07-01,140.6,우수(B),
171,10184060,환경부,남양주시(금곡초교),Namyangjusi(Geumgokchogyo),한강,경기도 남양주시 경춘로 995번길 7 금곡초등학교,127.211389,37.635833,1966-09-01,70.4,우수(B),장비고장 일시운영정지 (5.28~6.1)
172,10184080,환경부,서울시(구로구청),Seoulsi(Guroguchung),한강,서울특별시 구로구 가마산로 245 구로구청,126.886389,37.495,1984-04-01,36.8,우수(B),장비고장 일시운영정지 (4.29~5.5)
173,10184090,환경부,안양시(충훈1교),Anyangsi(Chunghoon1gyo),한강,경기도 안양시 만안구 박달동 충훈1교,126.903056,37.404722,1984-04-01,26.9,우수(B),
174,10184100,환경부,서울시(대곡교),Seoulsi(Daegokgyo),한강,서울특별시 강남구 세곡동 대곡교,127.1225,37.468889,1984-04-01,23.8,우수(B),장비고장 일시운영정지 (7.3~7.4)
175,10184110,환경부,남양주시(진관교),Namyangjusi(Jingwangyo),한강,경기도 남양주시 퇴계원면 퇴계원리 진관교,127.151944,37.65,1984-04-01,33.7,우수(B),
176,10184120,환경부,포천시(진목리),Pocheonsi(Jinmokri),한강,경기도 포천시 내촌면 진목리 638-3,127.211389,37.791111,1984-04-01,109.3,우수(B),
177,10184125,환경부,의정부시(도봉차량기지),Uijeongbusi(Dobongcharyanggiji),한강,경기도 의정부시 장암동 163-3 도봉차량기지,127.051944,37.7025,2002-10-16,61,우수(B),장비고장 일시운영정지 (5.28~6.1)
178,10184130,환경부,성남시(대장동),Seongnamsi(Daejangdong),한강,경기도 성남시 분당구 대장동 310,127.069722,37.36,2002-02-01,103.78,우수(B),
179,10184140,환경부,서울시(송정동),Seoulsi(Songjeongdong),한강,서울특별시 성동구 송정동 75-30,127.055556,37.552222,2002-03-01,42.8,우수(B),
180,10184150,환경부,과천시(한국수자원공사),Gwacheonsi(Hankooksujawongongsa),한강,경기도 과천시 교육원로 11 한국수자원공사 수도권지?,126.987222,37.423611,2002-10-01,52.6,우수(B),
181,10184160,환경부,부천시(부안초교),Bucheonsi(Buanchogyo),한강,경기도 부천시 소사구 경인로 484번길 75 부안초등학?,126.811667,37.48,2002-10-01,63.3,우수(B),
182,10184170,환경부,군포시(군포1동주민센터),Gunposi(Gunpo1dongjumincenter),한강,경기도 군포시 군포로 531 군포1동 행정복지센터,126.945556,37.353889,2002-10-01,72.5,우수(B),
183,10184180,환경부,성남시(성남북초교),Seongnamsi(Seongnambookchogyo),한강,경기도 성남시 수정구 희망로 534번길 3 성남북초등학,127.151111,37.451389,2002-10-01,112.1,우수(B),
184,10184190,환경부,서울시(동막골주차장),Seoulsi(Dongmakgoljuchajang),한강,서울특별시 노원구 덕릉로 897 동막골주차장,127.085833,37.674722,2002-10-01,92.7,우수(B),
185,10184200,환경부,서울시(월계2교),Seoulsi(Wallgae2gyo),한강,서울특별시 노원구 월계동 월계2교,127.05,37.624167,2002-10-01,49.9,우수(B),장비고장 일시운영정지 (7.3~7.4)
186,10184210,환경부,의왕시(포일동),Uiwangsi(Poildong),한강,경기도 의왕시 포일동 157,126.988056,37.388889,2002-10-01,53.62,우수(B),
187,10184220,환경부,남양주시(진접읍사무소),Namyangjusi(Jinjeopeupsamuso),한강,경기도 남양주시 진접읍 금강로 1509-26 진접읍행정복,127.19,37.726111,2002-10-01,80.5,우수(B),
188,10184230,환경부,성남시(구미초교),Seongnamsi(Gumichogyo),한강,경기도 성남시 분당구 미금로 22번길 25 구미초등학교,127.117778,37.337778,2002-10-16,81.9,우수(B),
189,10184232,한수원,팔당댐,Paldang Dam,한강,경기도 남양주시 조안면 다산로 320,127.283333,37.527222,1986-01-06,31,보통(C),
190,10194010,환경부,김포시(김포시청),Gimposi(Gimposichung),한강,경기도 김포시 사우중로 1 김포시청,126.715556,37.615278,1962-07-01,65.3,우수(B),
191,10204010,환경부,연천군(고문분교),Yeoncheongun(Gomunbungyo),한강,경기도 연천군 연천읍 현문로 459 고문분교,127.113056,38.065278,2001-10-06,124.8,우수(B),장비고장 일시운영정지 (9.27~10.1)
192,10204020,환경부,연천군(상리초교),Yeoncheongun(Sangrichogyo),한강,경기도 연천군 연천읍 상리로 70 상리초등학교,127.075278,38.135278,2001-10-06,121.1,우수(B),
193,10214010,환경부,연천군(임진교),Yeoncheongun(Imjingyo),한강,경기도 연천군 군남면 진상리 임진교,127.0175,38.056389,2000-07-01,61.9,우수(B),
194,10214020,수자원공사,연천군(횡산리),Yeoncheongun(Hoengsanri),한강,경기도 연천군 중면 횡산리 238,126.986667,38.116389,2011-01-01,54.9,최적(A),(해발고 변경) 43.000 → 54.900
195,10214030,수자원공사,연천군(군남댐),Yeoncheongun(Gunnamdam),한강,경기도 연천군 군남면 솔너머길 99,127.020833,38.104444,2011-01-01,41.5,우수(B),(해발고 변경) 51.000 → 41.500
196,10224010,환경부,포천시(용담교),Pocheonsi(Yongdamgyo),한강,경기도 포천시 영북면 자일리 용담교,127.271944,38.123889,2000-07-01,137,우수(B),
197,10224020,환경부,포천시(영송리),Pocheonsi(Yeongsongri),한강,경기도 포천시 영중면 영송리 549-6,127.216389,38.009444,2000-07-01,68,우수(B),
198,10224030,환경부,철원군(청양리),Cheorwongun(Cheongyangri),한강,강원도 철원군 김화읍 청양로 320 홍천국토관리사무소,127.372778,38.2425,2000-07-01,214.3,우수(B),
199,10224040,환경부,포천시(포천노곡초교),Pocheonsi(Pocheonnogokchogyo),한강,경기도 포천시 이동면 성장로 869번길 4 포천노곡초등,127.336111,38.008056,2001-10-06,123.5,우수(B),장비고장 일시운영정지 (9.27~10.1)
200,10224050,환경부,양주시(봉암초교),Yangjusi(Bongamchogyo),한강,경기도 양주시 은현면 삼육사로 473 봉암초등학교,127.005833,37.910833,2001-10-06,100.5,우수(B),
201,10224060,환경부,포천시(포천삼정초교),Pocheonsi(Pocheonsamjeongchogyo),한강,경기도 포천시 신북면 청신로 947번길 17 삼정초등학?,127.131389,37.963889,2001-10-06,133.5,우수(B),
202,10224070,환경부,포천시(송우초교),Pocheonsi(Songwuchogyo),한강,경기도 포천시 소홀읍 송우로 42 송우초등학교,127.143611,37.83,2001-10-06,139.2,우수(B),
203,10224080,환경부,철원군(오덕초교),Cheorwongun(Odeokchogyo),한강,강원도 철원군 동송읍 오덕로 159 오덕초등학교,127.233611,38.223889,2001-10-06,193.3,우수(B),
204,10224090,환경부,포천시(화현초교),Pocheonsi(Hwahyeonchogyo),한강,경기도 포천시 화현면 달인동로1길 29 화현초등학교,127.285278,37.902222,2001-10-06,143.4,우수(B),
205,10224100,환경부,철원군(서면초교),Cheorwongun(Seomyeonchocho),한강,강원도 철원군 서면 자등로 634 서면초등학교,127.416944,38.169167,2001-10-06,287.3,우수(B),
206,10234010,환경부,파주시(통일대교),Pajusi(Tongildaegyo),한강,경기도 파주시 문산읍 마정리 통일대교,126.741667,37.904444,2000-07-01,16.1,우수(B),
207,10234020,환경부,파주시(법원리),Pajusi(beobwolli),한강,경기도 파주시 법원읍 술이홀로 970-9 법원읍행정복지,126.88,37.856667,2001-10-06,95.9,우수(B),
208,10234030,환경부,파주시(신산초교),Pajusi(Sinsanchogyo),한강,경기도 파주시 광탄면 심궁로 13 신산초등학교,126.851944,37.780556,2001-10-06,69.5,우수(B),
209,10234040,환경부,파주시(용연초교),Pajusi(Yongyeonchogyo),한강,경기도 파주시 파평면 청송로 402번길 31 용연초등학?,126.857778,37.928611,2001-10-06,48.5,우수(B),
210,11014010,환경부,평택시(진위면사무소),Pyeongtaeksi(Jinwimyeonsamuso),안성천,경기도 평택시 진위면 봉남길 61 진위면행정복지센터,127.090556,37.1,1919-07-01,31.4,우수(B),
211,11014020,환경부,안성시(안성시청),Anseongsi(Anseongsichung),안성천,경기도 안성시 시청길 25 안성시청,127.278611,37.008056,1927-01-01,65.2,우수(B),
212,11014030,환경부,용인시(원삼면사무소),Yonginsi(Wonsammyeonsamuso),안성천,경기도 용인시 처인구 원삼면 원양로 64 원삼면행정복,127.312778,37.166111,1962-07-01,106.9,우수(B),
213,11014040,환경부,화성시(양감면사무소),Hwaseongsi(Yanggammyeonsamuso),안성천,경기도 화성시 양감면 초록로 7 양감행정복지센터,126.946111,37.0825,1968-07-01,29.6,우수(B),
214,11014050,환경부,천안시(대홍초교),Cheonansi(Daeheungchogyo),안성천,충청남도 천안시 서북구 성환읍 잠실길 4 대홍초등학?,127.148333,36.949722,1968-07-01,24.8,우수(B),
215,11014060,환경부,화성시(수원대학교),Hwaseongsi(Suwondaehackgyo),안성천,경기도 화성시 봉담읍 와우안길 17 수원대학교(IT대학,126.975,37.21,1996-09-01,78.1,우수(B),장비고장 일시운영정지 (5.15~5.17)
216,11014070,환경부,평택시(회화리),Pyeongtaeksi(Hoehwari),안성천,경기도 평택시 서탄면 회화리 388,127.028889,37.096111,1996-09-01,16.9,우수(B),
217,11014080,환경부,평택시(군문교),Pyeongtaeksi(Gunmoongyo),안성천,경기도 평택시 군문동 군문교,127.08,36.983611,1996-09-01,17.6,우수(B),
218,11014090,환경부,용인시(신갈저수지),Yonginsi(Singalgersugi),안성천,경기도 용인시 기흥구 고매동 산 87-1,127.093889,37.226111,1996-09-01,57.6,우수(B),
219,11014100,환경부,용인시(이동면사무소),Yonginsi(Idongmyeonsamuso),안성천,경기도 용인시 처인구 이동면 경기동로 673 이동읍행?,127.196111,37.141111,1996-09-01,61.2,우수(B),
220,11014110,환경부,천안시(성거읍사무소),Cheonansi(Seonggereupsamuso),안성천,충청남도 천안시 서북구 성거읍 봉주로 469 성거읍행?,127.199167,36.878056,1996-09-01,60.3,우수(B),
221,11014120,환경부,안성시(삼암리),Anseongsi(Samamri),안성천,경기도 안성시 양성면 삼암리 195-5,127.203611,37.029167,1996-09-01,42.1,우수(B),
222,11014130,환경부,안성시(안성서운중교),Anseongsi(Anseongseounjoonggyo),안성천,경기도 안성시 서운면 바우덕이로 2 안성서운중학교,127.263056,36.944722,1996-09-01,55.6,우수(B),
223,11014140,환경부,파주시(적암초교),Pajusi(Jeokamchogyo),한강,경기도 파주시 적성면 율곡로 3042 적암초등학교,127.004167,37.987778,2000-07-01,55.5,우수(B),
224,12024010,환경부,안산시(안산호동초교),Ansansi(Ansanhodongchogyo),한강서해,경기도 안산시 상록구 성호로 70 안산호동초등학교,126.865,37.312778,1978-01-01,41.3,우수(B),
225,12024020,환경부,안산시(장상동),Ansansi(Jangsangdong),한강서해,경기도 안산시 상록구 장상동 523,126.880833,37.351111,1978-01-01,64.3,우수(B),
226,13014010,환경부,양양군(갈천리),Yangyanggun(Galcheonri),양양남대천,강원도 양양군 서면 갈천리 126,128.503889,37.908333,1983-07-01,367.2,우수(B),
227,13014020,환경부,인제군(한계령),Injegun(Hangyeryoeng),한강,강원도 인제군 북면 한계리 산 1-2번지(한계령휴게소,128.405,38.097778,1983-08-01,913.6,우수(B),
228,13024010,환경부,강릉시(소금강분소),Gangryungsi(Sogeumgangbunso),한강동해,강원도 강릉시 연곡면 삼산리 159-2,128.7125,37.8225,1983-07-01,193.5,우수(B),장비고장 일시운영정지 (3.2)
229,13024030,수자원공사,동해시(달방댐),Donghaesi(Dalbangdam),한강동해,강원도 동해시 신흥동 24-3,129.021667,37.516944,1996-11-01,120,최적(A),(주소 변경) 신흥동 99 → 신흥동 24-3
230,13034010,환경부,삼척시(심포리),Samcheoksi(Simpori),삼척오십천,강원도 삼척시 도계읍 심포리 267-5,129.033056,37.194444,1983-07-01,420.6,우수(B),장비고장 일시운영정지 (6.3~6.4)
231,20014010,환경부,봉화군(재산면사무소),Bonghwagun(Jaesanmyeonsamuso),낙동강,경상북도 봉화군 재산면 현동리 763 (재산면사무소),128.961944,36.816111,1962-11-01,322.5,우수(B),레코더고장 일시운영중지(5.16~5.17)
232,20014020,환경부,안동시(석동동),Andongsi(Seokdongdong),낙동강,경상북도 안동시 석동동 412,128.805833,36.574444,1968-01-01,210.8,우수(B),
233,20014030,환경부,안동시(서부리),Andongsi(Seoburi),낙동강,경상북도 안동시 도산면 서부리 산32 (한국국학진흥원,128.810833,36.704167,1968-03-01,255,우수(B),
234,20014040,환경부,봉화군(애당리),Bonghwagun(Aedangri),낙동강,경상북도 봉화군 춘양면 애당리 184-3 (무지개팬션 내,128.8725,36.985278,1968-01-01,400.2,우수(B),"일시운영중지(5.10, 5.27~6.4)"
235,20014050,환경부,안동시(월곡초교),Andongsi(Wolgokchogyo),낙동강,경상북도 안동시 예안면 정산리 624 (월곡초교),128.887222,36.661111,1968-01-01,216.2,최적(A),
236,20014060,환경부,봉화군(풍호리),Bonghwagun(Punghori),낙동강,경상북도 봉화군 명호면 풍호리 산174,128.888889,36.846111,1968-01-01,206.8,최적(A),일시운영중지(5.16~5.17)
237,20014070,환경부,태백시(태백시청),Taebaeksi(Taebaeksicheong),낙동강,강원도 태백시 황지동 244-3 (태백시청 견인차량 보관,128.986389,37.163056,1968-01-01,700.6,최적(A),"일시운영중지(5.16~5.31, 6.3~6.4)"
238,20014080,환경부,봉화군(석포초교),Bonghwagun(Seokpochogyo),낙동강,경상북도 봉화군 석포면 석포리 산5-2 (석포초교 뒷산,129.063611,37.0475,1968-01-01,501.5,우수(B),"일시운영중지(5.28, 8.29~9.2)"
239,20014090,환경부,봉화군(분천리),Bonghwagun(Buncheonri),낙동강,경상북도 봉화군 소천면 분천리 산165-13 (옥방휴게소,129.121111,36.933056,1968-01-01,435.3,최적(A),
240,20014110,수자원공사,안동시(의촌리),Andongsi(Yuichonri),낙동강,경상북도 안동시 도산면 의촌리 산23,128.853889,36.716944,1978-07-16,210,최적(A),
241,20014120,수자원공사,봉화군(대현리),Bonghwagun(Deahyunri),낙동강,경상북도 봉화군 석포면 대현리 290-4,128.972778,37.071944,1978-07-16,665,최적(A),
242,20014130,수자원공사,봉화군(갈산리),Bonghwagun(Galsanri),낙동강,경상북도 봉화군 재산면 갈산리 산325,128.978611,36.8375,1978-07-16,480,최적(A),
243,20014140,수자원공사,봉화군(고선리),Bonghwagun(Kosunri),낙동강,경상북도 봉화군 소천면 고선리 250-6,128.990278,36.958889,2009-09-17,450,최적(A),
244,20014160,환경부,태백시(소도동),Taebaeksi(Sododong),낙동강,강원도 태백시 소도동 산38-8 (공원관리사무소 주차장,128.952222,37.1225,1983-07-01,793.5,보통(C),관측방법 변경(수위제어식→전도형)
245,20014170,수자원공사,봉화군(관창리),Bonghwagun(Gwanchangri),낙동강,경상북도 봉화군 명호면 관창리 1037-2,128.873889,36.812222,1995-05-28,450,최적(A),
246,20014180,수자원공사,안동시(기사리),Andongsi(Gisari),낙동강,경상북도 안동시 예안면 기사리 630,128.8675,36.654167,1968-01-01,260,최적(A),
247,20014190,수자원공사,봉화군(서동리),Bonghwagun(Seodongri),낙동강,경상북도 봉화군 춘양면 서동리 산11-1,128.916389,36.949444,1995-05-28,350,최적(A),
248,20014200,수자원공사,태백시(문곡동),Taebaeksi(Mungokdong),낙동강,강원도 태백시 문곡동 산29,129.005556,37.126667,1995-05-28,600,최적(A),
249,20014210,수자원공사,울진군(전곡리),Wuljingun(Jeongokri),낙동강,경상북도 울진군 서면 전곡리 산45-2,129.109722,36.962778,1995-05-28,600,최적(A),
250,20014230,환경부,영천시(화남면사무소),Yeongcheonsi(Hwanammyeonsamuso),낙동강,경상북도 영천시 화남면 삼창리 1022-1 (화남면사무소,128.889444,36.059167,2002-01-01,113.5,최적(A),
251,20024020,환경부,안동시(당북동),Andongsi(Dangbukdong),낙동강,경상북도 안동시 당북동 398-4,128.719167,36.558611,1916-11-01,97,최적(A),
252,20024030,환경부,청송군(현서면사무소),Cheongsonggun(Hyeonseomyeonsamuso),낙동강,경상북도 청송군 현서면 구산리 97-1 (현서면사무소),128.895833,36.275833,1961-08-01,329.4,최적(A),일시운영중지(11.8)
253,20024050,환경부,안동시(묵계교),Andongsi(Mukgyegyo),낙동강,경상북도 안동시 길안면 묵계리 1127-85 ((구)묵계교),128.910833,36.431667,1964-08-01,149.2,최적(A),
254,20024060,환경부,안동시(중평리),Andongsi(Jungpyeongri),낙동강,경상북도 안동시 임동면 중평리 산195,128.918333,36.564722,1969-07-01,181.1,우수(B),
255,20024080,수자원공사,청송군(덕리),Cheongsonggun(Deokri),낙동강,경상북도 청송군 청송읍 두들길 16,129.041667,36.43,1987-09-30,270,우수(B),
256,20024090,수자원공사,청송군(대전리),Cheongsonggun(Daejeonri),낙동강,경상북도 청송군 부남면 부남로 136,129.066111,36.331111,1987-09-30,380,우수(B),
257,20024100,수자원공사,영양군(현리),Yeongyanggun(Hyeonri),낙동강,경상북도 영양군 영양읍 영양로 1610,129.106389,36.653056,1987-09-30,225,우수(B),
258,20024110,수자원공사,영양군(답곡리),Yeongyanggun(Dapgokri),낙동강,경상북도 영양군 석보면 하논실3길 9-14,129.141111,36.545,1987-09-30,250,최적(A),
259,20024120,수자원공사,영양군(도곡리),Yeongyanggun(Dogokri),낙동강,경상북도 영양군 일월면 오리도곡로 10-9,129.086111,36.751111,1992-06-30,380,최적(A),
260,20024130,환경부,청송군(도평리),Cheongsonggun(Dopyeongri),낙동강,경상북도 청송군 현동면 도평리 산14-10 (청송제설창?,129.051111,36.301111,1998-03-01,461.8,최적(A),"일시운영중지(5.10~11, 5.16~17, 5.20, 6.3~4, 7.3~4,"
261,20024140,수자원공사,청송군(월전리),Cheongsonggun(Woljeonri),낙동강,경상북도 청송군 진보면 참막길 39-207,129.066389,36.530833,2000-01-01,280,최적(A),
262,20024150,수자원공사,청송군(상의리),Cheongsonggun(Sanguiri),낙동강,경상북도 청송군 부동면 주왕산로 714-2,129.142222,36.378889,2000-01-01,370,최적(A),
263,20024160,수자원공사,영양군(송하리),Yeongyanggun(Songhari),낙동강,경상북도 영양군 수비면 북수길 15,129.201389,36.6975,2000-01-01,374,최적(A),
264,20024170,수자원공사,청송군(성재리),Cheongsonggun(Seongjaeri),낙동강,경상북도 청송군 안덕면 성덕댐로 1191,128.964722,36.24,2014-01-01,381.9,최적(A),
265,20024180,수자원공사,청송군(갈천리),Cheongsonggun(Galchunri),낙동강,경상북도 청송군 현서면 성덕댐로 606,128.946389,36.195278,2014-01-01,400,최적(A),
266,20024190,수자원공사,청송군(무계리),Cheongsonggun(Moogyeri),낙동강,경상북도 청송군 현서면 무계리 산 49,128.9825,36.183333,2014-01-01,575.5,최적(A),
267,20034010,환경부,의성군(풍지교),Uiseonggun(Pungjigyo),낙동강,경상북도 의성군 다인면 용곡리 764 (풍지교),128.365,36.53,1962-11-01,69.3,최적(A),
268,20034020,환경부,의성군(윤암리),Uiseonggun(Yunamri),낙동강,경상북도 의성군 점곡면 윤암리 245-2번지,128.773611,36.416944,1962-08-01,171.8,우수(B),관측소명 변경(안동시(원호리)→의성군(윤암리))
269,20034030,환경부,안동시(만운리),Andongsi(Manunri),낙동강,경상북도 안동시 풍산읍 만운리 산29-3,128.577778,36.599444,1988-01-01,108.2,우수(B),"관측방법 변경(수위제어식→전도형), 일시운영중지(5."
270,20034040,환경부,안동시(망호리),Andongsi(Manghori),낙동강,경상북도 안동시 일직면 망호리 401-25번지,128.662778,36.472778,1988-01-01,117.7,최적(A),관측소명 변경(안동시(귀미리)→안동시(망호리))
271,20044010,환경부,영주시(영광여고),Yeongjusi(Yeonggwangyeogo),낙동강,경상북도 영주시 영주동 111-4 (영광여고),128.620278,36.830833,1988-01-01,183.9,우수(B),
272,20044020,환경부,영주시(부석중고교),Yeongjusi(Buseokjunggogyo),낙동강,경상북도 영주시 부석면 소천리 501-1 (부석중고교),128.651111,36.978056,1961-09-01,293.7,최적(A),"관측방법 변경(수위제어식→전도형), 일시운영중지(5."
273,20044030,환경부,문경시(동로면사무소),Mungyeongsi(Dongnomyeonsamuso),낙동강,경상북도 문경시 동로면 적성리 545 (동로면사무소),128.314444,36.773333,1962-11-01,305.9,우수(B),
274,20044050,환경부,영주시(수철리),Yeongjusi(Sucheolri),낙동강,경상북도 영주시 풍기읍 수철리 산19-9,128.466667,36.898056,1984-05-01,395.3,우수(B),일시운영중지(5.10)
275,20044070,환경부,예천군(두천리),Yecheongun(Ducheonri),낙동강,경북 예천군 용문면 두천리 산21-2,128.360556,36.706111,1988-01-01,244.3,최적(A),일시운영중지(5.15~5.18)
276,20044080,환경부,예천군(고평교),Yecheongun(Gopyeonggyo),낙동강,경상북도 예천군 호명면 월포리 624 (고평교),128.487778,36.619444,1996-10-15,91.1,최적(A),
277,20044090,환경부,예천군(은풍면사무소),Yecheongun(Eunpungmyeonsamuso),낙동강,경상북도 예천군 은풍면 우곡리 140-1 (은풍면사무소),128.443056,36.745,1998-03-01,170.1,최적(A),"일시운영중지(5.28, 5.31)"
278,20044100,환경부,영주시(성내리),Yeongjusi(Seongnaeri),낙동강,경상북도 영주시 풍기읍 성내리 143-2 (영주도서관 풍,128.52,36.870556,1998-03-01,211,최적(A),"일시운영중지(5.16~5.17, 6.3~6.4)"
279,20044110,환경부,봉화군(봉화대교),Bonghwagun(Bonghwadaegyo),낙동강,경상북도 봉화군 봉화읍 내성리 506 (봉화대교),128.7325,36.888611,1998-03-01,192.4,우수(B),
280,20044120,수자원공사,영주시(영주댐),Yeongjusi(YeongjuDam),낙동강,경상북도 영주시 평은면 금광리 산54,128.655,36.726389,2015-07-01,195,우수(B),
281,20044130,수자원공사,봉화군(적덕리),Bonghwagun(Jeokdeokri),낙동강,경상북도 봉화군 봉화읍 적덕리 891-4,128.686111,36.879167,2014-11-27,173,최적(A),
282,20044140,수자원공사,봉화군(운계리),Bonghwagun(Ungyeri),낙동강,경상북도 봉화군 상운면 운계리 664-1,128.756111,36.8325,2014-11-27,206,우수(B),
283,20054010,환경부,문경시(농암리),Mungyeongsi(Nongamri),낙동강,경상북도 문경시 농암면 농암리 99-1,128.006944,36.596389,1961-11-01,175.8,최적(A),
284,20054020,환경부,문경시(김용리),Mungyeongsi(Gimyongri),낙동강,경상북도 문경시 영순면 김용리 259-2,128.216667,36.589167,1988-01-01,73.5,최적(A),
285,20054030,환경부,상주시(하송리),Sangjusi(Hasongri),낙동강,경상북도 상주시 화서면 하송리 181-6,127.966389,36.471389,1969-07-01,226,최적(A),
286,20054040,환경부,상주시(이안교),Sangjusi(Iangyo),낙동강,경상북도 상주시 이안면 이안리 493-1 (이안교),128.158889,36.543889,1969-07-01,75.3,최적(A),관측방법 변경(수위제어식→전도형)
287,20054060,환경부,상주시(화북초교),Sangjusi(Hwabukchogyo),낙동강,경상북도 상주시 화북면 장암리 110-1 (화북초교),127.911944,36.566667,1984-01-01,300.7,최적(A),"관측방법 변경(수위제어식→전도형), 일시운영중지(5."
288,20054070,환경부,문경시(진안리),Mungyeongsi(Jinanri),낙동강,경상북도 문경시 문경읍 진안리 360-14 (문경도자기박,128.081944,36.7425,1984-04-01,193.6,최적(A),관측방법 변경(수위제어식→전도형)
289,20054080,환경부,문경시(화산리),Mungyeongsi(Hwasanri),낙동강,경상북도 문경시 농암면 화산리 155-1,127.990833,36.573611,1988-01-01,190.5,최적(A),
290,20064010,환경부,상주시(후천교),Sangjusi(Hucheongyo),낙동강,경상북도 상주시 계산동 523 (후천교),128.158611,36.428056,1915-12-01,63.7,최적(A),"일시운영중지(5.16, 5.20)"
291,20064020,환경부,상주시(외서면사무소),Sangjusi(Oeseomyeonsamuso),낙동강,경상북도 상주시 외서면 가곡리 101-1 (외서면사무소),128.108056,36.479444,1969-07-01,107.2,최적(A),
292,20074010,환경부,예천군(상풍교),Yecheongun(Sangpunggyo),낙동강,경상북도 예천군 풍양면 효갈리1083-1 (상풍교),128.268611,36.498611,1996-10-15,63.3,최적(A),관측방법 변경(수위제어식→전도형)
293,20084010,환경부,의성군(도서리),Uiseonggun(Doseori),낙동강,경상북도 의성군 의성읍 도서리 81-7,128.697222,36.344167,1981-01-01,88,최적(A),"일시운영중지(1.26, 2.1)"
294,20084020,환경부,군위군(정리),Gunwigun(Jeongri),낙동강,경상북도 군위군 군위읍 정리 1123-3,128.563333,36.243611,1957-06-01,80.4,우수(B),
295,20084030,환경부,의성군(안계면사무소),Uiseonggun(Angyemyeonsamuso),낙동강,경상북도 의성군 안계면 용기리 475-2 (안계면사무소),128.44,36.384167,1961-09-01,57.5,우수(B),관측방법 변경(수위제어식→전도형)
296,20084050,환경부,군위군(고곡리),Gunwigun(Gogokri),낙동강,경상북도 군위군 효령면 고곡리 산85-1,128.5675,36.106389,1982-07-03,167.8,최적(A),
297,20084060,환경부,군위군(효령교),Gunwigun(Hyoryeonggyo),낙동강,경상북도 군위군 효령면 중구리 307-3 (효령교),128.583611,36.155833,1982-07-03,102.7,우수(B),"일시운영중지(3.12, 7.26~8.10, 8.21~23)"
298,20084070,환경부,군위군(대율초교),Gunwigun(Daeyulchogyo),낙동강,경상북도 군위군 부계면 대율리 644-1 (대율초교),128.655278,36.062778,1982-07-03,214.4,우수(B),관측방법 변경(수위제어식→전도형)
299,20084090,환경부,군위군(산성중학교),Gunwigun(Sanseongjunggyo),낙동강,경상북도 군위군 산성면 화본리 826-1 (산성중학교),128.696944,36.127778,1982-07-03,142.8,최적(A),"관측방법 변경(수위제어식→전도형), 일시운영중지(11"
300,20084100,환경부,군위군(화수리),Gunwigun(Hwasuri),낙동강,경상북도 군위군 고로면 화수리 937-5,128.751944,36.127222,1982-07-03,150,최적(A),
301,20084110,환경부,군위군(고로면),Gunwigun(Goromyeon),낙동강,경상북도 군위군 고로면 화수리 334,128.753611,36.113333,1982-07-03,209,우수(B),관측방법 변경(수위제어식→전도형)
302,20084130,환경부,군위군(읍내리),Gunwigun(Eumnaeri),낙동강,경상북도 군위군 의흥면 읍내리 434-18,128.714722,36.176389,1982-07-03,134,최적(A),
303,20084140,환경부,의성군(도원리),Uiseonggun(Dowonri),낙동강,경상북도 의성군 봉양면 도원리 460 (의성IC 진출입로,128.578611,36.286111,1998-03-01,61.4,최적(A),
304,20084150,환경부,군위군(무성리),Gunwigun(Museongri),낙동강,경상북도 군위군 군위읍 무성리 821-2,128.564167,36.193889,2005-01-24,87.5,최적(A),관측방법 변경(수위제어식→전도형)
305,20084160,환경부,군위군(미성교),Gunwigun(Miseonggyo),낙동강,경상북도 군위군 우보면 이화리 575-9 (미성교),128.672222,36.181667,2005-01-24,109.9,최적(A),관측방법 변경(수위제어식→전도형)
306,20084170,수자원공사,군위군(군위댐),Gunwigun(Gunwidam),낙동강,경상북도 군위군 고로면 삼국유사로 418,128.793889,36.122222,2010-01-02,201,우수(B),
307,20084180,수자원공사,군위군(양지리),Gunwigun(Yangjiri),낙동강,경상북도 군위군 고로면 양지리 497-5,128.826944,36.166667,1982-07-30,212,우수(B),
308,20094010,환경부,의성군(낙단교),Uiseonggun(Nakdangyo),낙동강,경상북도 의성군 단밀면 낙정리 806 (낙단교),128.301111,36.3575,1995-04-01,47.8,최적(A),
309,20094020,환경부,구미시(일선교),Gumisi(Ilseongyo),낙동강,경상북도 구미시 도개면 신림리 775 (일선교),128.342778,36.273056,1996-10-15,41,최적(A),일시운영중지(8.8)
310,20104010,환경부,김천시(부곡동),Gimcheonsi(Bugokdong),낙동강,경상북도 김천시 부곡동 41-1,128.108889,36.120278,1915-12-01,135,최적(A),
311,20104020,환경부,김천시(지례면사무소),Gimcheonsi(Jiryemyeonsamuso),낙동강,경상북도 김천시 지례면 교리 570-1 (지례면사무소),128.026667,35.984722,1961-08-01,149.7,최적(A),관측방법 변경(수위제어식→전도형)
312,20104030,수자원공사,김천시(월곡리),Gimcheonsi(Wolgokri),낙동강,경상북도 김천시 부항면 월곡리 626-4,127.941667,35.985278,2010-07-11,450,최적(A),
313,20104040,수자원공사,김천시(파천리),Gimcheonsi(Pacheonri),낙동강,경상북도 김천시 부항면 파천리 1141-1,127.921944,36.025,2010-07-11,282,최적(A),
314,20104050,환경부,구미시(선주교),Gumisi(Seonjugyo),낙동강,경상북도 구미시 선산읍 화조리 581-6 (선주교),128.308889,36.227778,1980-01-01,45.9,최적(A),일시운영중지(8.21~22)
315,20104060,수자원공사,김천시(김천부항댐),Gimcheonsi(Gimcheonbuhangdam),낙동강,경상북도 김천시 지례면 도곡리 1005-1,128.005833,35.981389,2012-11-26,206,우수(B),
316,20114010,환경부,칠곡군(호국의다리),Chilgokgun(Hogukgyo),낙동강,경상북도 칠곡군 왜관읍 석전리 872 (호국의 다리),128.394444,36.000278,1927-06-01,31.1,최적(A),
317,20114020,환경부,구미시(장천초교),Gumisi(Jangcheonchogyo),낙동강,경상북도 구미시 장천면 하장리 503-2 (장천초교),128.495556,36.130556,1962-11-01,56.5,최적(A),일시운영중지(5.20)
318,20114030,환경부,성주군(성주대교),Seongjugun(Seongjudaegyo),낙동강,경상북도 성주군 선남면 선원리 5-3 (성주대교),128.390278,35.880833,1995-04-01,36.3,최적(A),
319,20114040,환경부,구미시(구미대교),Gumisi(Gumidaegyo),낙동강,경상북도 구미시 임수동 550-1 (구미대교),128.396667,36.110833,1996-10-15,43.9,최적(A),
320,20124010,환경부,영천시(영동교),Yeongcheonsi(Yeongdonggyo),낙동강,경상북도 영천시 완산동 1269-1(영동교),128.938611,35.968889,1962-01-01,78,최적(A),관측방법 변경(수위제어식→전도형)
321,20124020,환경부,포항시(죽장초교),Pohangsi(Jukjangchogyo),낙동강,경상북도 포항시 북구 죽장면 입암리 730-1 (죽장초교,129.091111,36.160278,1961-08-01,205,최적(A),"관측방법 변경(수위제어식→전도형), 일시운영중지(5."
322,20124030,환경부,영천시(화성리),Yeongcheonsi(Hwaseongri),낙동강,경상북도 영천시 신령면 화성리 131-3,128.795833,36.046111,1962-11-01,146,최적(A),
323,20124035,수자원공사,포항시(가사리),Pohangsi(Gasari),낙동강,경상북도 포항시 북구 죽장면 가사리 387,129.150833,36.194444,1996-11-01,326,우수(B),
324,20124037,수자원공사,포항시(죽장면),Pohangsi(Jukjangmyeon),낙동강,경상북도 포항시 북구 죽장면 현내리 552-1,129.070556,36.185556,1996-11-01,266,우수(B),
325,20124040,환경부,경산시(자인중학교),Gyeongsansi(Jainjunggyo),낙동강,경상북도 경산시 자인면 북사리 242 (자인중학교),128.821667,35.820278,1964-09-01,91.3,최적(A),
326,20124070,환경부,영천시(치산리),Yeongcheonsi(Chisanri),낙동강,경상북도 영천시 신령면 치산리 1950,128.723333,36.059444,1982-07-03,197.7,최적(A),
327,20124080,환경부,대구시(오리),Daegusi(Ori),낙동강,대구광역시 달성군 가창면 오리 산110,128.600556,35.783889,1988-01-01,255.2,최적(A),"관측방법 변경(수위제어식→전도형), 일시운영중지(4."
328,20124090,환경부,대구시(신암동),Daegusi(Sinamdong),낙동강,대구광역시 동구 불로동 1107-1 (보성2차APT앞),128.634444,35.891667,1988-01-01,39,최적(A),
329,20124100,환경부,영천시(정각리),Yeongcheonsi(Jeonggakri),낙동강,경상북도 영천시 화북면 정각리 336,128.994167,36.13,1988-01-01,390.3,우수(B),
330,20124118,수자원공사,영천시(영천댐),Yeongcheonsi(Youngcheondam),낙동강,경상북도 영천시 자양면 성곡리 113-12,129.0325,36.08,1995-09-01,162,우수(B),
331,20124120,환경부,영천시(가수리),Yeongcheonsi(Gasuri),낙동강,경상북도 영천시 고경면 가수리 232-14,129.078056,36.001667,1995-10-01,122.9,최적(A),
332,20124130,환경부,영천시(금창교),Yeongcheonsi(Geumchanggyo),낙동강,경상북도 영천시 금호읍 교대리 661 (금창교),128.875556,35.930556,1996-10-15,65.9,최적(A),관측방법 변경(수위제어식→전도형)
333,20124150,환경부,대구시(성동교),Daegusi(Seongdonggyo),낙동강,대구광역시 수성구 성동 566-1 (성동교),128.723611,35.851944,2000-07-08,44.3,최적(A),
334,20124160,환경부,칠곡군(금암리),Chilgokgun(Geumamri),낙동강,경상북도 칠곡군 동명면 금암리 225-15,128.555833,35.983056,2002-01-01,77,최적(A),"일시운영중지(5.16~20, 7.3~6)"
335,20124170,환경부,경산시(와촌초교),Gyeongsansi(Wachonchogyo),낙동강,경상북도 경산시 와촌면 동강리 91 (와촌초교),128.8375,35.950556,2002-01-01,65.5,최적(A),일시운영중지(11.27~12.9)
336,20124190,수자원공사,포항시(지동리),Pohangsi(Jidongri),낙동강,경상북도 포항시 북구 죽장면 지동리 산49-5,129.066111,36.136667,2004-08-02,405,우수(B),
337,20124200,수자원공사,영천시(보현산댐),Yeongcheonsi(Bohyeonsandam),낙동강,경상북도 영천시 화북면 입석리 산2-1,128.948889,36.1275,2014-07-01,251.8,우수(B),
338,20124210,수자원공사,영천시(굼이교),Yeongcheonsi(Gumyigyo),낙동강,경상북도 영천시 화북면 하송리 595,128.922778,36.149444,2014-07-01,250.8,우수(B),
339,20134010,환경부,고령군(회천교),Goryeonggun(Hoecheongyo),낙동강,경상북도 고령군 고령읍 장기리 331 (회천교),128.277778,35.729167,1962-06-01,36,최적(A),
340,20134020,환경부,합천군(야로면사무소),Hapcheongun(Yaromyeonsamuso),낙동강,경상남도 합천군 야로면 구정리 290-1 (야로면사무소),128.167778,35.705278,1962-11-01,120.7,최적(A),
341,20134030,환경부,성주군(옥화리),Seongjugun(Okhwari),낙동강,경상북도 성주군 대가면 옥화리 358-1,128.188333,35.893611,1988-01-01,144.5,우수(B),
342,20134040,환경부,성주군(신파리),Seongjugun(Sinpari),낙동강,경상북도 성주군 수륜면 신파리 산78 (국도59호선 일?,128.166944,35.815,1998-03-01,391.2,우수(B),"일시운영중지(3.1~2, 3.12, 3.27, 4.3~4, 4.12~13)"
343,20144010,환경부,대구시(성하리),Daegusi(Seonghari),낙동강,대구광역시 달성군 현풍면 성하리 274 (현풍휴게소 뒤,128.434167,35.702778,1993-01-01,29.3,최적(A),관측방법 변경(수위제어식→전도형)
344,20144020,환경부,대구시(사문진교),Daegusi(Samunjingyo),낙동강,대구광역시 달성군 화원면 성산리 744-11 (사문진교),128.474167,35.812222,1995-04-01,36.9,최적(A),
345,20144030,환경부,고령군(고령교),Goryeonggun(Goryeonggyo),낙동강,경상북도 고령군 성산면 삼대리 112-3 (고령교),128.386944,35.752778,1996-10-15,33.7,최적(A),
346,20154010,환경부,거창군(산포리),Geochanggun(Sanpori),낙동강,경상남도 거창군 웅양면 산포리 1928-2,127.918889,35.824444,1926-11-01,366.7,우수(B),
347,20154020,환경부,거창군(병곡리),Geochanggun(Byeonggokri),낙동강,경상남도 거창군 북상면 병곡리 663-2,127.781944,35.802778,1984-04-03,464.8,우수(B),
348,20154030,수자원공사,거창군(농산리),Geochanggun(Nongsanri),낙동강,경상남도 거창군 북상면 농산리 476-1,127.81,35.772222,1987-10-01,348,최적(A),
349,20154040,수자원공사,거창군(거열교),Geochanggun(Geoyeolgyo),낙동강,경상남도 거창군 거창읍 송정리 40,127.897778,35.683056,1987-10-01,200,최적(A),
350,20154050,수자원공사,거창군(노현리),Geochanggun(Nohyeonri),낙동강,경상남도 거창군 웅양면 노현리 975-4,127.908056,35.810833,1987-10-01,360,최적(A),
351,20154060,수자원공사,거창군(덕산리),Geochanggun(Deoksanri),낙동강,경상남도 거창군 신원면 덕산리 214-1,127.913611,35.602778,1987-10-01,588,최적(A),
352,20154070,수자원공사,거창군(우혜리),Geochanggun(Uhyeri),낙동강,경상남도 거창군 가북면 우혜리 1948-3,127.989444,35.761389,1992-07-15,385,최적(A),
353,20154080,수자원공사,거창군(지산교),Geochanggun(Jisangyo),낙동강,경상남도 거창군 가조면 기리 1579,128.014444,35.666111,1992-07-15,235,최적(A),
354,20164020,환경부,합천군(남정교),Hapcheongun(Namjeonggyo),낙동강,경남 합천군 대양면 정양리 613 (남정교),128.161667,35.5575,1987-10-01,40,우수(B),
355,20164030,환경부,합천군(황강교),Hapcheongun(Hwangganggyo),낙동강,경상남도 합천군 적중면 죽고리 922-1 (황강교),128.292778,35.571944,1996-08-01,26.8,최적(A),
356,20174010,환경부,창녕군(본초리),Changnyeonggun(Bonchori),낙동강,경상남도 창녕군 대지면 본초리 284-9,128.453056,35.530556,1962-06-01,20.9,최적(A),
357,20174020,환경부,의령군(부림면사무소),Uiryeonggun(Burimmyeonsamuso),낙동강,경상남도 의령군 부림면 신반리 545-2 (부림면사무소),128.324722,35.466389,1962-11-01,33.3,최적(A),
358,20174030,환경부,의령군(청계리),Uiryeonggun(Cheonggyeri),낙동강,경상남도 의령군 봉수면 청계리 34-1,128.236389,35.478611,1988-01-01,106.3,최적(A),
359,20174040,환경부,합천군(적포교),Hapcheongun(Jeokpogyo),낙동강,경상남도 합천군 청덕면 앙진리 1 (적포교),128.359167,35.5275,1996-10-15,27.2,최적(A),
360,20184060,환경부,남원시(화수리),Namwonsi(Hwasuri),낙동강,전라북도 남원시 운봉읍 화수리 751-2,127.551667,35.45,1965-03-01,452,최적(A),
361,20184070,환경부,함양군(중남리),Hamyanggun(Jungnamri),낙동강,경상남도 함양군 서상면 중남리 897-1,127.673611,35.706111,1961-08-01,560.2,우수(B),
362,20184100,환경부,산청군(홍계리),Sancheonggun(Honggyeri),낙동강,경상남도 산청군 삼장면 홍계리 1058-5,127.841944,35.351389,1965-10-01,197.9,우수(B),"관측방법 변경(수위제어식→전도형), 일시운영중지(5."
363,20184110,환경부,산청군(상중리),Sancheonggun(Sangjungri),낙동강,경상남도 산청군 차황면 상중리 458,127.930556,35.481111,1965-10-01,345.7,최적(A),
364,20184130,수자원공사,산청군(경호교),Sancheonggun(Gyunghogyo),낙동강,경상남도 산청군 산청읍 산청리 349,127.874444,35.417778,1987-06-01,130,우수(B),
365,20184140,수자원공사,산청군(창촌리),Sancheonggun(Changchonri),낙동강,경상남도 산청군 단성면 창촌리 산1-5,127.8925,35.27,1994-11-01,85,최적(A),
366,20184150,환경부,함양군(삼정리),Hamyanggun(Samjeongri),낙동강,경상남도 함양군 마천면 삼정리 산115,127.641944,35.359722,1985-03-01,567.8,우수(B),
367,20184160,환경부,산청군(동당리),Sancheonggun(Dongdangri),낙동강,경상남도 산청군 시천면 동당리 573-5,127.776389,35.272222,1985-03-01,279.5,최적(A),
368,20184170,수자원공사,합천군(소오리),Hapcheongun(Sohori),낙동강,경상남도 합천군 삼가면 소오리 451-1,128.1175,35.413889,1994-11-01,80,최적(A),
369,20184180,수자원공사,남원시(운봉읍),Namwonsi(Unbongeup),낙동강,전라북도 남원시 운봉읍 화수리 145-215,127.563611,35.448056,1994-11-01,520,최적(A),
370,20184190,수자원공사,함양군(의탄리),Hamyanggun(Uitanri),낙동강,경상남도 함양군 마천면 의탄리 1281,127.682778,35.401667,2011-12-05,260,최적(A),
371,20184200,수자원공사,함양군(금천리),Hamyanggun(Gumchunri),낙동강,경상남도 함양군 안의면 금천리 80-2,127.815278,35.6275,1994-11-01,200,최적(A),
372,20184210,수자원공사,남원시(덕동리),Namwonsi(Dukdongri),낙동강,전라북도 남원시 산내면 덕동리 802,127.547222,35.348333,1994-11-01,630,최적(A),
373,20184220,수자원공사,남원시(의지리),Namwonsi(Uijiri),낙동강,전라북도 남원시 아영면 의지리 산25-2,127.615556,35.525833,1994-11-01,480,최적(A),
374,20184230,수자원공사,함양군(운곡리),Hamyanggun(Ungokri),낙동강,경상남도 함양군 서하면 운곡리 364,127.681389,35.637778,1994-11-01,360,최적(A),
375,20184240,수자원공사,산청군(내대리),Sancheonggun(Naedaeri),낙동강,경상남도 산청군 시천면 내대리 1043-22,127.723611,35.281944,1987-04-01,660,최적(A),
376,20184250,수자원공사,함양군(용평리),Hamyanggun(Yongpyungri),낙동강,경상남도 함양군 함양읍 용평리 915-88,127.731389,35.513611,1994-11-01,180,최적(A),
377,20184260,수자원공사,산청군(내원리),Sancheonggun(Naeoneri),낙동강,경상남도 산청군 삼장면 내원리 110,127.786389,35.314722,1987-06-01,640,최적(A),
378,20184270,수자원공사,함양군(화촌리),Hamyanggun(Hwachonri),낙동강,경상남도 함양군 유림면 화촌리 1074-1,127.791111,35.464444,1994-11-01,135,최적(A),
379,20184280,수자원공사,하동군(위태리),Hadonggun(Witaeri),낙동강,경상남도 하동군 옥종면 위태리 산240,127.843611,35.200833,1994-11-01,260,최적(A),
380,20184290,수자원공사,하동군(대곡리),Hadonggun(Daegokri),낙동강,경상남도 하동군 옥종면 대곡리 275-2,127.920278,35.178611,1994-11-01,60,최적(A),
381,20184300,수자원공사,진주시(자매리),Jinjusi(Jamaeri),낙동강,경상남도 진주시 수곡면 자매리 산93,127.928056,35.235556,1994-11-01,120,최적(A),
382,20184310,수자원공사,산청군(실매리),Sancheonggun(Silmaeri),낙동강,경상남도 산청군 차황면 실매리 268-14,127.932222,35.491667,1994-11-01,360,최적(A),
383,20184320,수자원공사,산청군(하정리),Sancheonggun(Hajungri),낙동강,경상남도 산청군 신안면 하정리 813-1,127.995833,35.32,1987-06-01,55,최적(A),
384,20184350,수자원공사,산청군(장천리),Sancheonggun(Jangchunri),낙동강,경상남도 산청군 신등면 장천리 484-3,127.991111,35.408889,1976-03-13,223,최적(A),
385,20184360,수자원공사,산청군(향양리),Sancheonggun(Hyangyangri),낙동강,경상남도 산청군 생초면 향양리 728-2,127.8625,35.554167,1976-03-13,414,최적(A),
386,20194020,수자원공사,진주시(장대동),Jinjusi(Jangdaedong),낙동강,경상남도 진주시 장대동 356-17,128.086667,35.190278,2009-11-13,26,최적(A),
387,20194030,환경부,진주시(운천리),Jinjusi(Uncheonri),낙동강,경상남도 진주시 일반성면 운천리 867,128.263333,35.173333,1988-01-01,35.3,최적(A),
388,20194040,환경부,함안군(대사교),Hamangun(Daesaro),낙동강,경상남도 함안군 함안면 대산리 1242-2(대사교),128.426111,35.255,1988-01-01,29.2,최적(A),
389,20194050,환경부,의령군(정암교),Uiryeonggun(Jeongamgyo),낙동강,경상남도 의령군 의령읍 정암리 430-43 ((구)정암교),128.295278,35.313333,1995-10-01,23.6,우수(B),
390,20194060,환경부,의령군(성산리),Uiryeonggun(Seongsanri),낙동강,경상남도 의령군 지정면 성산리 1106-4,128.429167,35.390833,1995-10-01,18.8,우수(B),
391,20194070,환경부,의령군(칠곡초교),Uiryeonggun(Chilgokchogyo),낙동강,경상남도 의령군 칠곡면 외조리 85-2 (칠곡초교),128.194722,35.341111,1998-03-01,85,최적(A),
392,20194075,환경부,고성군(두문교),Goseonggun(Dumungyo),낙동강,경상남도 고성군 영오면 오서리 1611-1 (두문교),128.190833,35.098611,2009-01-01,46,최적(A),관측방법 변경(수위제어식→전도형)
393,20204010,환경부,창녕군(영산면사무소),Changnyeonggun(Yeongsanmyeonsamuso),낙동강,경상남도 창녕군 영산면 동리 137-3 (영산면사무소),128.527778,35.453611,1962-11-01,56.7,최적(A),
394,20204020,환경부,창원시(수산대교),Changwonsi(Susandaegyo),낙동강,경상남도 창원시 의창구 대산면 모산리 701 (수산대교,128.714167,35.365278,1988-01-01,23.7,최적(A),
395,20204030,환경부,창녕군(청암리),Changnyeonggun(Cheongamri),낙동강,경상남도 창녕군 부곡면 청암리 1110 (청암취수장옆),128.600833,35.395556,1995-10-01,15.9,우수(B),
396,20204040,환경부,함안군(계내리),Hamangun(Gyenaeri),낙동강,경상남도 함안군 칠서면 계내리 343 (진동양수장옆),128.483611,35.383333,1996-10-15,25.1,최적(A),관측방법 변경(수위제어식→전도형)
397,20204050,환경부,밀양시(내진초교),Miryangsi(Naejinchogyo),낙동강,경상남도 밀양시 무안면 양효리 349 (구 내진초교),128.651944,35.522778,2000-01-01,41.7,우수(B),
398,20214020,환경부,밀양시(남포동),Miryangsi(Nampodong),낙동강,경상남도 밀양시 남포동 408,128.785278,35.461111,1988-01-01,16.1,최적(A),
399,20214030,환경부,밀양시(용전리),Miryangsi(Yongjeonri),낙동강,경상남도 밀양시 산내면 용전리 산192-1,128.8625,35.565833,1962-11-01,93.7,최적(A),일시운영중지(12.11~30)
400,20214040,환경부,청도군(삼신리),Cheongdogun(Samsinri),낙동강,경상북도 청도군 화양읍 삼신리 1110-10,128.726111,35.680833,1988-01-01,100.2,최적(A),
401,20214050,환경부,경산시(곡신리),Gyeongsansi(Goksinri),낙동강,경상북도 경산시 용성면 곡신리 858-36,128.8725,35.791944,1988-01-01,83.3,최적(A),
402,20214060,수자원공사,경주시(내칠리),Gyeongjusi(Naechilri),낙동강,경상북도 경주시 산내면 내칠리 1051-4,129.020278,35.775833,1997-06-19,290,우수(B),
403,20214090,환경부,청도군(수월리),Cheongdogun(Suwolri),낙동강,경상북도 청도군 풍각면 수월리 산101,128.554444,35.666667,1988-03-01,349.1,최적(A),
404,20214100,수자원공사,양산시(선리),Yangsansi(Seonri),낙동강,경상남도양산시원동면 선리 202,129.002778,35.518333,2000-06-01,300,최적(A),
405,20214110,수자원공사,밀양시(밀양댐),Miryangsi(Miryangdam),낙동강,경상남도밀양시단장면 고례리 1719,128.929722,35.484167,2000-06-01,150,최적(A),
406,20214120,수자원공사,청도군(신원리),Cheongdogun(Sinwonri),낙동강,경상북도 청도군 운문면 신원리 149-1,129.002778,35.668333,1997-06-19,270,최적(A),
407,20214130,수자원공사,청도군(운문댐),Cheongdogun(Unmundam),낙동강,경상북도 청도군 운문면 대천리 산143,128.916389,35.718056,1997-06-19,127,우수(B),
408,20214135,수자원공사,경주시(대현리),Gyeongjusi(Daehyeonri),낙동강,경상북도 경주시 산내면 대현리 3127-32,129.058056,35.726667,2004-06-26,250,우수(B),
409,20214140,수자원공사,울산시(이천리),Ulsansi(Icheonri),낙동강,울산광역시 울주군 상북면 이천리 254-3,129.014722,35.564444,2010-12-21,460,최적(A),
410,20224010,환경부,양산시(상북면사무소),Yangsansi(Sangbukmyeonsamuso),낙동강,경상남도 양산시 상북면 석계리 272-20 (상북면사무소,129.064444,35.418333,1962-11-01,52.5,최적(A),관측방법 변경(수위제어식→전도형)
411,20224030,환경부,김해시(전하동),Gimhaesi(Jeonhadong),서낙동강,경상남도 김해시 전하동 1227-2,128.863056,35.200278,1988-01-01,6.6,최적(A),
412,20224040,환경부,양산시(양산교),Yangsansi(Yangsangyo),낙동강,경상남도 양산시 신기동 600 (양산교),129.036111,35.3575,1996-06-01,16.1,우수(B),
413,20224050,환경부,밀양시(삼랑진교),Miryangsi(Samnangjin),낙동강,경상남도 밀양시 삼랑진읍 삼랑리 854 (삼랑진교),128.821667,35.3825,1996-10-15,15.6,최적(A),
414,20224060,환경부,부산시(구포대교),Busansi(Gupodaegyo),낙동강,부산광역시 북구 구포동 1065-1 (구포대교),128.993611,35.203611,2006-01-25,11.8,우수(B),일시운영중지(6.11)
415,21014010,환경부,포항시(현내리),Pohangsi(Hyeonnaeri),형산강,경상북도 포항시 북구 기계면 현내리 1112,129.195278,36.075556,1962-11-01,53.8,최적(A),
416,21014020,환경부,경주시(시래동),Gyeongjusi(Siraedong),형산강,경상북도 경주시 시래동 945-49 (시래교 인근),129.303889,35.772778,1962-01-01,98,최적(A),
417,21014030,수자원공사,경주시(안계댐),Gyeongjusi(Angyedam),형산강,경상북도 경주시 강동면 안계리 산74-3,129.268889,36.01,1995-09-01,46.9,우수(B),
418,21014040,환경부,경주시(신평리),Gyeongjusi(Sinpyeongri),형산강,경상북도 경주시 건천읍 신평리 1267,129.085,35.858611,1998-06-01,105,최적(A),
419,21014050,환경부,포항시(용기리),Pohangsi(Yonggiri),형산강,경상북도 포항시 북구 기북면 관천리 593,129.155,36.118333,1998-06-01,106.9,최적(A),
420,21014060,환경부,경주시(옥산리),Gyeongjusi(Oksanri),형산강,경상북도 경주시 안강읍 옥산리 464-2,129.179167,35.995,1998-06-01,45.8,최적(A),
421,21014070,환경부,경주시(서천교),Gyeongjusi(Seocheongyo),형산강,경상북도 경주시 서악동 1491-1 (서천교),129.201667,35.838056,1998-06-01,38.6,최적(A),
422,21014080,환경부,경주시(검단리),Gyeongjusi(Geomdanri),형산강,경상북도 경주시 안강읍 검단리 1468-28,129.207778,35.932778,1998-06-01,38.9,우수(B),
423,21014090,환경부,울산시(봉월초교),Ulsansi(Bongwolchogyo),형산강,울산광역시 울주군 두동면 봉계리 1030-3 (봉월초교),129.206944,35.701389,1998-06-01,92.8,최적(A),
424,21014100,환경부,경주시(달성교),Gyeongjusi(Dalseonggyo),형산강,경상북도 경주시 안강읍 노당리 1503 (달성교),129.238333,36.051944,1998-06-01,31.2,최적(A),
425,21014110,환경부,경주시(화산리),Gyeongjusi(Hwasanri),형산강,경상북도 경주시 천북면 화산리 산86-2,129.290278,35.9225,1998-06-01,94.7,최적(A),
426,21014120,환경부,경주시(영지초교),Gyeongjusi(Yeongjichogyo),형산강,경상북도 경주시 외동읍 방어리 634 (영지초교),129.294444,35.754167,1998-06-01,90.7,최적(A),
427,21014130,환경부,경주시(덕동),Gyeongjusi(Deokdong),형산강,경상북도 경주시 덕동 산44-4,129.321389,35.843333,1998-06-01,267.5,우수(B),
428,21014140,환경부,경주시(국당리),Gyeongjusi(Gukdangri),형산강,경상북도 경주시 강동면 국당리 산92,129.296111,35.994167,1998-06-01,19,우수(B),"관측방법 변경(수위제어식→전도형), 일시운영중지(8."
429,22014010,환경부,울산시(덕현리),Ulsansi(Deokhyeonri),태화강,울산광역시 울주군 상북면 덕현리 1199-1 (가지산터널,129.041111,35.608333,1962-04-01,302.1,최적(A),관측방법 변경(수위제어식→전도형)
430,22014020,환경부,울산시(신답교),Ulsansi(Sindapgyo),태화강,울산광역시 북구 상안동 320-1 (신답교),129.345833,35.629722,1962-04-01,30.1,최적(A),관측방법 변경(수위제어식→전도형)
431,22014030,환경부,울산시(삼동초교),Ulsansi(Samdongchogyo),태화강,울산광역시 울주군 삼동면 하잠리 953-2 (삼동초교),129.158611,35.523611,1962-09-01,57.3,최적(A),
432,22014050,환경부,경주시(연안리),Gyeongjusi(Yeonanri),태화강,경상북도 경주시 외동읍 연안리 80-7,129.323333,35.721944,1962-09-01,97.7,우수(B),
433,22014054,수자원공사,울산시(사연댐),Ulsansi(Sayeondam),태화강,울산광역시 울주군 범서읍 사연리 산96-2,129.196111,35.5775,1965-01-01,44,우수(B),
434,22014060,수자원공사,울산시(대암댐),Ulsansi(Daeamdam),태화강,울산광역시 울주군 언양읍 구수리 산177-13,129.182778,35.545278,1969-01-01,78,우수(B),
435,22014080,환경부,울산시(태화교),Ulsansi(Taehwagyo),태화강,울산광역시 중구 성남동 337 (태화교),129.309167,35.552778,2000-01-01,13.1,최적(A),
436,22014082,수자원공사,울산시(구미리),Ulsansi(Gumiri),태화강,울산광역시 울주군 두동면 구미리 566-1번지,129.196111,35.656944,2000-01-01,132,최적(A),
437,22014084,수자원공사,울산시(천전리),Ulsansi(Cheonjeonri),태화강,울산광역시 울주군 두동면 천전리 306,129.168611,35.618611,2000-01-02,93,최적(A),
438,22014090,환경부,울산시(사연교),Ulsansi(Sayeongyo),태화강,울산광역시 울주군 범서읍 사연리 703-1 (사연교),129.204444,35.572222,1962-07-01,31,최적(A),
439,23014010,환경부,양산시(삼호동),Yangsansi(Samhodong),회야강,경상남도 양산시 삼호동 953,129.172222,35.418889,1962-09-01,84.7,우수(B),"관측방법 변경(수위제어식→전도형), 일시운영중지(5."
440,24014010,환경부,영양군(신원리),Yeongyanggun(Sinwonri),낙동강동해,경상북도 영양군 수비면 신원리 330-4 (국도 88호선 ?,129.209722,36.761667,1962-06-01,412.6,최적(A),관측방법 변경(수위제어식→전도형)
441,24034010,수자원공사,경주시(감포댐),Gyeongjusi(Gampodam),낙동강동해,경상북도 경주시 감포읍 오류리 산 16-2,129.509444,35.835,2006-08-01,61.4,우수(B),
442,25034050,수자원공사,거제시(구천댐),Geojesi(Gucheondam),낙동강남해,경상남도 거제시 삼거동 529-4,128.6475,34.847222,1996-07-01,140,우수(B),
443,25034052,수자원공사,거제시(연초댐),Geojesi(Yeonchodam),낙동강남해,경상남도 거제시 연초면 덕치리 107-8번지,128.663889,34.940556,1996-07-01,52,우수(B),
444,25044010,환경부,부산시(을숙도),Busansi(Eulsukdo),낙동강남해,부산광역시 사하구 하단동 1149-6(낙동강홍수통제소),128.948056,35.109722,1974-07-01,15,최적(A),관측소 이설 및 관측소명 변경(부산시(명지초교)→부
445,30014010,환경부,진안군(마을지원센터),Jinan-gun(Maeuljiwonsenteo),금강,전라북도 진안군 진안읍 진무로 975,127.423056,35.783333,1916-01-01,310.94,우수,
446,30014020,환경부,무주군(안성초교),Muju-gun(Anseongchogyo),금강,전라북도 무주군 안성면 칠연로 58,127.655,35.865556,1960-06-01,430.818,우수,
447,30014040,환경부,장수군(장수초교),Jangsu-gun(Jangsuchogyo),금강,전라북도 장수군 장수읍 향교길 11-8,127.522778,35.6475,1962-07-01,424.742,우수,
448,30014080,환경부,진안군(대불리),Jinan-gun(Daebul-ri),금강,전라북도 진안군 주천면 대불리 1138,127.365,35.961667,1973-01-01,391.831,우수,
449,30014120,환경부,무주군(원통사),Muju-gun(Wontongsa),금강,전라북도 무주군 안성면 죽천리 산175-1,127.697222,35.817222,1983-04-01,817.168,우수,
450,30014140,수자원공사,진안군(황금리),Jinangun(Hwanggeumri),금강,전라북도 진안군 부귀면 황금리 산118-9,127.398889,35.861944,1999-06-15,396,최적(A),
451,30014150,수자원공사,진안군(주평리),Jinangun(Jupyeongri),금강,전라북도 진안군 상전면 주평리 579-5,127.484722,35.805278,1999-06-15,334,최적(A),
452,30014160,수자원공사,장수군(장판리),Jangsugun(Jangpanri),금강,전라북도 장수군 천천면 장판리 418-1,127.511111,35.684722,1999-06-15,409,최적(A),
453,30014170,수자원공사,진안군(신괴리),Jinangun(Singoeri),금강,전라북도 진안군 안천면 신괴리 177-1,127.543333,35.869167,1999-06-15,313,최적(A),
454,30014180,수자원공사,장수군(삼봉리),Jangsugun(Sambongri),금강,전라북도 장수군 장계면 삼봉리 748-4,127.598611,35.717778,1999-06-15,422,최적(A),
455,30014190,수자원공사,장수군(원촌리),Jangsugun(Wonchonri),금강,전라북도 장수군 계북면 원촌리 1050-59,127.627222,35.810278,1999-06-15,453,최적(A),
456,30014210,수자원공사,진안군(주양리),Jinangun(Juyangri),금강,전라북도 진안군 주천면 주양리 산17-9,127.423889,35.970556,2000-01-01,303,최적(A),
457,30034010,환경부,무주군(무주중앙초교),Muju-gun(Mujujungangchogyo),금강,전라북도 무주군 무주읍 읍내리 향학로 87,127.663056,36.011944,1916-01-01,217.39,우수,
458,30034020,환경부,무주군(적상초교),Muju-gun(Jeoksangchogyo),금강,전라북도 무주군 적상면 사산리 1235-1,127.656667,35.931667,1973-01-01,266.096,우수,
459,30034030,수자원공사,무주군(삼가리),Mujugun(Samgari),금강,전라북도 무주군 적상면 삼가리 산367-1,127.660278,35.893056,1979-09-15,390,최적(A),
460,30034040,환경부,무주군(구천정수장),Muju-gun(Gucheonjeongsujang),금강,전라북도 무주군 설천면 백련사길 132,127.776944,35.885833,1983-04-01,655.279,우수,
461,30034050,수자원공사,무주군(증산리),Mujugun(Jeungsanri),금강,전라북도 무주군 무풍면 증산리 791-2,127.845,35.949444,1992-07-09,410,최적(A),
462,30034060,수자원공사,무주군(기곡리),Mujugun(Gigokri),금강,전라북도 무주군 설천면 기곡리 408-1,127.715833,36.015556,1999-05-25,240,최적(A),
463,30044030,수자원공사,금산군(선원리),Geumsangun(Seonwonri),금강,충청남도 금산군 부리면 선원리 881-4,127.534444,36.073333,1979-09-15,200,최적(A),
464,30044040,수자원공사,영동군(산막리),Yeongdonggun(Sanmakri),금강,충청북도 영동군 양강면 산막리 산17-1,127.788889,36.114167,1979-09-15,270,최적(A),
465,30054010,환경부,상주시(삼포리),Sangju-si(Sampo-ri),금강,경상북도 상주시 모서면 삼포리 산22-4,127.957778,36.338611,1962-07-01,253.659,우수,
466,30054020,환경부,영동군(궁촌리),Yeongdong-gun(Gungchon-ri),금강,충청북도 영동군 상촌면 궁촌5길 6,127.9175,36.107778,1973-01-01,306.68,최적,솔레노이드 밸브고장에 따라 강수량 미관측(8.19 00:1
467,30054030,수자원공사,영동군(남성리),Yeongdonggun(Namseong),금강,충청북도 영동군 황간면 남성리 산4-1,127.916389,36.235833,1979-09-15,200,최적(A),
468,30054040,환경부,상주시(화동초교),Sangju-si(Hwadongchogyo),금강,경상북도 상주시 화동면 이소1길 78,127.951944,36.392222,1982-08-01,268,우수,관측기기 이상으로 일시에 오버카운팅(강수량이 누적
469,30054050,환경부,상주시(화령초교),Sangju-si(Hwaryeongchogyo),금강,경상북도 상주시 화서면 화령로 57,127.952222,36.4475,1982-08-01,300.873,우수,
470,30054060,환경부,영동군(웅북리),Yeongdong-gun(Ungbuk-ri),금강,충청북도 영동군 추풍령면 웅북리 555-11,128.020278,36.256944,1984-03-05,356.33,우수,
471,30054070,수자원공사,상주시(득수리),Sangjusi(Deuksuri),금강,경상북도 상주시 모서면 득수리 250-1,127.898056,36.334167,1995-05-25,230,최적(A),
472,30054080,수자원공사,영동군(궁촌리2),Yeongdonggun(Gungchonri2),금강,충청북도 영동군 상촌면 궁촌리 128-1,127.925278,36.106667,1995-05-25,335,최적(A),
473,30064020,수자원공사,옥천군(원동리),Okcheongun(Wondongri),금강,충청북도 옥천군 이원면 원동리 산26-2,127.65,36.241667,1979-09-15,175,최적(A),
474,30074010,환경부,옥천군(청산초교),Okcheon-gun(Cheongsanchogyo),금강,충청북도 옥천군 청산면 지전길 36-19,127.794167,36.346111,1960-05-01,117.548,최적,
475,30074030,환경부,보은군(삼산초교),Boeun-gun(Samsanchogyo),금강,충청북도 보은군 보은읍 보은로 109-6,127.716667,36.485,1973-01-01,156.834,최적,
476,30074050,환경부,보은군(관기초교),Boeun-gun(Gwangichogyo),금강,충청북도 보은군 마로면 관기송현로 109,127.821944,36.435556,1982-08-01,148.086,최적,
477,30074060,수자원공사,보은군(구병리),Boeungun(Gubyeongri),금강,충청북도 보은군 속리산면 구병리 산5,127.876389,36.477222,2011-01-06,460,최적(A),
478,30074070,환경부,옥천군(도로관리사업소),Okcheon-gun(Dorogwallisaeopso),금강,충청북도 옥천군 청성면 남부로 3172,127.734167,36.373333,1982-05-01,191.736,우수,
479,30074080,환경부,보은군(동정리),Boeun-gun(Dongjeong-ri),금강,충청북도 보은군 수한면 동정리 75-3,127.664167,36.473611,1982-08-01,216.95,우수,
480,30074090,환경부,보은군(이원리),Boeun-gun(Iwon-ri),금강,충청북도 보은군 내북면 이원리 234-3,127.677778,36.542222,1982-08-01,204.307,우수,
481,30074100,환경부,옥천군(묘금리),Okcheon-gun(Myogeum-ri),금강,충청북도 옥천군 청성면 묘금리 67-2,127.732222,36.275833,1982-08-01,143.521,우수,
482,30074110,환경부,보은군(송죽초교),Boeun-gun(Songjukchogyo),금강,충청북도 보은군 삼승면 남부로 3927,127.734444,36.437222,1982-08-01,152.296,우수,
483,30074130,환경부,보은군(삼가분교),Boeun-gun(Samgabungyo),금강,충청북도 보은군 속리산면 삼가구병길 9,127.860833,36.491111,1982-08-01,266.221,최적,
484,30074140,수자원공사,보은군(신함리),Boeungun(Sinhamri),금강,충청북도 보은군 보은읍 신함리 452-2,127.725278,36.518611,1992-07-09,168,최적(A),
485,30074150,수자원공사,옥천군(산계리),Okcheongun(Sangyeri),금강,충청북도 옥천군 청성면 산계리 1115-1,127.735278,36.313611,1992-07-09,105,최적(A),
486,30074160,수자원공사,부여군(삼산리),Buyeogun(Samsanri),금강서해,충청남도 부여군 외산면 삼산리 84,126.716667,36.342778,2001-09-01,102,최적(A),
487,30084030,환경부,옥천군(안내초교),Okcheon-gun(Annaechogyo),금강,충청북도 옥천군 안내면 현리길 74,127.661667,36.394167,1965-11-01,88.656,최적,
488,30084040,수자원공사,옥천군(대정리),Okcheongun(Daejeongri),금강,충청북도 옥천군 군북면 대정리 832,127.539444,36.387778,1979-09-15,75,최적(A),
489,30084050,수자원공사,금산군(마전리),Geumsangun(Majeonri),금강,충청남도 금산군 추부면 마전리 353-2,127.4675,36.192778,1992-07-09,220,최적(A),
490,30084060,수자원공사,금산군(상곡리),Geumsangun(Sanggokri),금강,충청남도 금산군 군북면 상곡리 268-1,127.574167,36.2075,1992-07-09,250,최적(A),
491,30084070,환경부,청주시(문화재조사연구단),Cheongju-si(Munhwajaejosayeongudan),금강,충청북도 청주시 서원구 현도면 노산2길 3-57,127.444167,36.455,1993-06-01,41.493,우수,
492,30084080,수자원공사,청주시(상장리),Chungjusi(Sangjangri),금강,충청북도 청주시 상당구 문의면 상장리 산1-6,127.506389,36.515278,1995-05-25,85,최적(A),
493,30084090,수자원공사,옥천군(인포리),Okcheongun(Inpori),금강,충청북도 옥천군 안내면 인포리 390-2,127.653889,36.372222,1995-05-25,80,최적(A),
494,30094010,환경부,금산군(신대리),Geumsan-gun(Sindae-ri),금강,충청남도 금산군 복수면 신대리 448,127.379167,36.213889,1993-06-01,115.577,우수,강수량관측기기 배출밸브 고장에 따라 강수량 미관측
495,30094020,환경부,대전시(원촌교),Daejeon-si(Wonchongyo),금강,대전광역시 대덕구 대화동 원촌교,127.41,36.378333,1993-06-01,43.798,우수,
496,30094030,환경부,대전시(두계교),Daejeon-si(Dugyegyo),금강,대전광역시 유성구 방동 두계교,127.278889,36.266389,2001-05-01,102.898,우수,
497,30094040,환경부,대전시(만년교),Daejeon-si(Mannyeongyo),금강,대전광역시 서구 월평동 만년교,127.349722,36.351667,2001-05-01,52.492,우수,
498,30094050,환경부,대전시(인창교),Daejeon-si(Inchanggyo),금강,대전광역시 동구 인동 인창교,127.434444,36.323611,2001-05-01,57.712,우수,
499,30104010,환경부,세종시(부강면사무소),Sejong-si(Bugangmyeonsamuso),금강,세종특별자치시 부강면 부강5길 38,127.371111,36.529167,1960-05-01,38.006,우수,
500,30114010,환경부,천안시(병천초교),Cheonan-si(Byeongcheonchogyo),금강,충청남도 천안시 병천면 병천2로 35,127.3,36.765,1960-06-01,71.239,우수,
501,30114020,환경부,청주시(흥덕교),Cheongju-si(Heungdeokgyo),금강,충청북도 청주시 흥덕구 운천동 흥덕교,127.481389,36.646667,1993-06-01,49.67,우수,
502,30114030,환경부,진천군(진천여중),Jincheon-gun(Jincheonyeojung),금강,충청북도 진천군 진천읍 성석리 산8-6,127.456111,36.869167,1966-09-01,90.272,우수,관측소 이설공사 및 관측기기 이상으로 일시운영 중지
503,30114040,환경부,청주시(가덕초교),Cheongju-si(Gadeokchogyo),금강,충청북도 청주시 상당구 가덕면 병암리 97-1,127.5775,36.578056,1971-07-01,131.773,우수,
504,30114050,환경부,음성군(대소보건지소),Eumseong-gun(Daesobogeonjiso),금강,충청북도 음성군 대소면 오태로 57-16,127.483889,36.9725,1973-01-01,100.837,우수,
505,30114060,환경부,증평군(반탄교),Jeungpyeong-gun(Bantangyo),금강,충청북도 증평군 증평읍 초중리 518(반탄교),127.5725,36.783611,1973-01-01,57.202,우수,
506,30114070,환경부,세종시(농정원),Sejong-si(Nongjeongwon),금강,세종특별자치시 조치원읍 군청로 87-16,127.2925,36.5925,1993-06-01,57.185,우수,
507,30114090,환경부,음성군(쌍봉리),Eumseong-gun(Ssangbong-ri),금강,충청북도 음성군 금왕면 쌍봉리 488,127.555278,37.002778,2006-01-01,126.765,우수,
508,30114100,환경부,천안시(화청교),Cheonan-si(Hwacheonggyo),금강,충청남도 천안시 동면 화덕리 650,127.398056,36.761944,2006-01-01,106.98,우수,
509,30124010,환경부,공주시(금강교),Gongju-si(Geumganggyo),금강,충청남도 공주시 신관동 금강교입구,127.127778,36.470278,1913-07-01,25.28,우수,
510,30124020,환경부,부여군(홍산초교),Buyeo-gun(Hongsanchogyo),금강,충청남도 부여군 홍산면 홍산로111번길 7,126.7625,36.2175,1916-11-01,34.849,우수,
511,30124040,환경부,청양군(청양읍사무소),Cheongyang-gun(Cheongyangeupsamuso),금강,충청남도 청양군 청양읍 칠갑산로9길 32,126.806667,36.453611,1929-09-01,101.257,우수,
512,30124050,환경부,청양군(119안전센터),Cheongyang-gun(119anjeonsenteo),금강,충청남도 청양군 정산면 용두리 76-8,126.94,36.418056,1960-06-01,67,우수,
513,30124060,환경부,공주시(정안면사무소),Gongju-si(Jeonganmyeonsamuso),금강,충청남도 공주시 정안면 정안중앙길 157,127.120278,36.608611,1960-06-01,71.293,우수,송화가루 유입에 따른 강수량 미관측(4.29 00:10 ~ 5.
514,30124070,환경부,공주시(반포중),Gongju-si(Banpojung),금강,충청남도 공주시 반포면 원당1길 28,127.243056,36.403611,1960-06-01,84.899,우수,
515,30124080,환경부,공주시(복룡리),Gongju-si(Bokryong-ri),금강,충청남도 공주시 이인면 복룡리 562-4,127.068056,36.345556,1973-01-01,84.182,우수,
516,30124090,환경부,부여군(백제교),Buyeo-gun(Baekjegyo),금강,충청남도 부여군 규암면 규암리 백제교,126.891667,36.275833,1993-06-01,20.665,우수,
517,30124100,환경부,공주시(유구초교),Gongju-si(Yuguchogyo),금강,충청남도 공주시 유구읍 석남리 196-1,126.950556,36.553611,1993-06-01,67.473,우수,
518,30124110,환경부,세종시(문성교),Sejong-si(Munseonggyo),금강,세종특별자치시 장군면 평기리 349-9,127.196111,36.514722,2006-01-01,44.102,우수,
519,30134010,환경부,논산시(연산중),Nonsan-si(Yeonsanjung),금강,충청남도 논산시 연산면 청동로 113-14,127.206944,36.213333,1960-07-01,46.966,우수,
520,30134020,환경부,완주군(장선초교),Wanju-gun(Jangseonchogyo),금강,전라북도 완주군 운주면 장선리 505-1,127.279167,36.091111,1973-06-01,82.367,우수,
521,30134040,환경부,논산시(동산초교),Nonsan-si(Dongsanchogyo),금강,충청남도 논산시 양촌면 황산벌로 436번길 43-4,127.241667,36.140278,1993-06-01,56.276,우수,
522,30134050,환경부,논산시(토양리),Nonsan-si(Toyang-ri),금강,충청남도 논산시 은진면 토양리 69(도),127.1025,36.149167,2006-01-01,16.796,우수,
523,30144010,환경부,논산시(황산리),Nonsan-si(Hwangsan-ri),금강,충청남도 논산시 강경읍 금백로 45,127.008611,36.154444,1911-06-01,14.792,우수,
524,30144020,환경부,익산시(함열초교),Iksan-si(Hamyeolchogyo),금강,전라북도 익산시 함열읍 함열8길 2,126.965278,36.079722,1962-06-01,17.321,우수,
525,30144030,환경부,서천군(망월리),Seocheon-gun(Mangwol-ri),금강,충청남도 서천군 화양면 망월리 2-1,126.756944,36.029444,1993-06-01,14.991,우수,
526,30144040,환경부,서천군(충남디자인예술고),Seocheon-gun(Chungnamdijainyesulgo),금강,충청남도 서천군 한산면 한마로 114,126.803611,36.089167,1993-06-01,16.626,우수,
527,30144050,환경부,익산시(연동리),Iksan-si(Yeondong-ri),금강,전라북도 익산시 삼기면 연동리 산1-1,127.035,36.033889,1993-06-01,317.601,우수,
528,31014010,환경부,홍성군(홍성초교),Hongseong-gun(Hongseongchogyo),삽교천,충청남도 홍성군 홍성읍 조양로 43,126.657778,36.599722,1918-07-01,51.3,우수,
529,31014020,환경부,예산군(예산국토),Yesan-gun(Yesangukto),삽교천,충청남도 예산군 오가면 오가중앙로 69,126.797778,36.689722,1933-09-01,19.716,우수,
530,31014030,환경부,예산군(덕산면사무소),Yesan-gun(Deoksanmyeonsamuso),삽교천,충청남도 예산군 덕산면 덕산온천로 391,126.665278,36.701389,1957-03-01,55.103,우수,
531,31014090,환경부,당진시(순성초교),Dangjin-si(Sunseongchogyo),삽교천,충청남도 당진시 순성면 순성로 473,126.711667,36.843333,1999-01-01,33.169,우수,
532,31014100,환경부,청양군(가남초교),Cheongyang-gun(Ganamchogyo),삽교천,충청남도 청양군 비봉면 록평리 28-9,126.788056,36.515833,1999-01-01,56.265,우수,
533,31014110,환경부,예산군(신양리),Yesan-gun(Sinyang-ri),삽교천,충청남도 예산군 신양면 신양리 434,126.861111,36.599722,1999-01-01,38.197,우수,
534,31014120,환경부,아산시(초사초교),Asan-si(Chosachogyo),삽교천,충청남도 아산시 초사길 122,126.973333,36.751389,1999-01-01,45.327,우수,송화가루 유입에 따른 강수량 미측정으로 결측처리(5.
535,31014130,환경부,아산시(동방초교),Asan-si(Dongbangchogyo),삽교천,충청남도 아산시 배방읍 휴대세교길 7-7,127.113333,36.779722,1999-01-01,30.185,우수,
536,31014140,환경부,천안시(신흥교),Cheonan-si(Sinheunggyo),삽교천,충청남도 천안시 동남구 광덕면 매당리 신흥교,127.113333,36.703056,2004-12-01,55.288,우수,송화가루 유입에 따른 강수량 미측정 결측처리(5.10 0
537,31014150,환경부,아산시(강청교),Asan-si(Gangcheonggyo),삽교천,충청남도 아산시 염치읍 강청리 강청교,126.933611,36.821667,2005-01-01,15.363,우수,강수량 과다관측에 따른 기기이상 추정(9.1 00:10 ~ 9
538,31014192,환경부,예산군(은사교),Yesan-gun(Eunsagyo),삽교천,충청남도 예산군 광시면 용두리 은사교,126.779167,36.560833,2010-01-01,33.497,우수,
539,32034010,환경부,보령시(미산면사무소),Boryeong-si(Misanmyeonsamuso),금강서해,충청남도 보령시 미산면 내평리 357-2,126.6775,36.210833,1968-07-01,89.53,우수,
540,32034020,환경부,보령시(미산초교),Boryeong-si(Misanchogyo),금강서해,충청남도 보령시 미산면 도화담리 94,126.677778,36.288611,1973-01-01,85.562,우수,
541,32034050,수자원공사,보령시(보령댐),Boryeongsi(Boryoungdam),금강서해,충청남도 보령시 미산면 용수리 산39-1,126.648611,36.249722,1998-03-26,80,우수(B),
542,32034060,수자원공사,보령시(도화담리),Boryeongsi(Dohwadamri),금강서해,충청남도 보령시 미산면 도화담리 79,126.678611,36.29,1998-03-26,60,최적(A),
543,33014010,환경부,완주군(고산중교),Wanjugun(Gosanjunggyo),만경강,전라북도 완주군 고산면 읍내리 744-1,127.208333,35.978611,1916-01-01,57.7,B,(관측소명 변경) 고산 → 완주군(고산중교)
544,33014020,환경부,군산시(임피초교),Gunsansi(Impichogyo),만경강,전라북도 군산시 임피면 읍내리 536,126.848889,35.9875,1962-07-01,25.1,A,(관측소명 변경) 임피 → 군산시(임피초교)
545,33014070,환경부,완주군(구이초교),Wanjugun(Guichogyo),만경강,전라북도 완주군 구이면 항가리 86-1,127.12,35.720278,1997-01-01,71.6,B,(관측소명 변경) 구이 → 완주군(구이초교)
546,33014080,환경부,김제시(용지초교),Gimjesi(Yongjichogyo),만경강,전라북도 김제시 용지면 구암리 117-4,126.958889,35.854722,1999-12-01,22.9,A,(관측소명 변경) 용지 → 김제시(용지초교)
547,33014090,환경부,익산시(미륵초교),Iksan(Mireukchogyo),만경강,전라북도 익산시 금마면 용순리 645-1,127.0225,36.001389,1999-12-01,31.6,A,(관측소명 변경) 금마 → 익산시(미륵초교)
548,33014100,환경부,전주시(미산교),Jeonjusi(Misangyo),만경강,전라북도 전주시 덕진구 전미동2가 1384-10,127.0975,35.879444,2000-01-01,21.4,A,(관측소명 변경) 전주 → 전주시(미산교)
549,33014110,환경부,완주군(용봉교),Wanjugun(Yongbonggyo),만경강,전라북도 완주군 봉동읍 장기리 111-6,127.170833,35.941944,2000-01-01,38.4,A,(관측소명 변경) 봉동 → 완주군(용봉교)
550,33014120,환경부,완주군(용진초교),Wanjugun(Yongjinchogyo),만경강,전라북도 완주군 용진읍 상삼리 1195-8,127.175556,35.857222,1999-12-01,39.9,B,(관측소명 변경) 용진 → 완주군(용진초교)
551,33024020,환경부,김제시(금구초교),Gimjesi(Geumguchogyo),동진강,전라북도 김제시 금구면 금구리 173,127.013056,35.774167,1962-07-01,48.9,B,(관측소명 변경) 금구 → 김제시(금구초교)
552,33024030,환경부,정읍시(고부초교),Jeongeupsi(Gobuchogyo),동진강,전라북도 정읍시 고부면 고부리 168-4,126.771389,35.621389,1962-08-01,31.5,A,(관측소명 변경) 고부 → 정읍시(고부초교)
553,33024040,환경부,김제시(김제중앙중교),Gimjesi(Gimjejungangjunggyo),동진강,전라북도 김제시 백산면 하정리 112,126.888889,35.828333,1962-11-01,23.1,A,(관측소명 변경) 김제 → 김제시(김제중앙중교)
554,33024050,환경부,정읍시(태인중교),Jeongeupsi(Taeinjunggyo),동진강,전라북도 정읍시 태인면 태성리 627-20,126.937222,35.653889,1968-01-01,25.2,A,(관측소명 변경) 태인 → 정읍시(태인중교)
555,33024070,환경부,정읍시(산외중교),Jeongeupsi(Sanoejunggyo),동진강,전라북도 정읍시 산외면 정량리 1175-1,127.044722,35.618889,2000-06-01,60.8,A,(관측소명 변경) 산외 → 정읍시(산외중교)
556,33024080,환경부,정읍시(정읍북초교),Jeongeupsi(Jeongeupbukchogyo),동진강,전라북도 정읍시 농소동 12-24,126.849444,35.578611,2000-06-01,33.4,A,(관측소명 변경) 정읍 → 정읍시(정읍북초교)
557,33034030,수자원공사,부안군(부안댐),Buangun(Buandam),금강서해,전라북도 부안군 변산면 중계리 537-1,126.563333,35.675,1996-06-01,20,최적(A),
558,33034040,수자원공사,부안군(부안청림천문대),Buangun(Buancheongrimcheonmundae),금강서해,전라북도 부안군 상서면 청림리 523-3,126.614722,35.6575,2014-10-19,54.1,최적(A),
559,40014050,수자원공사,순창군(시산리),Sunchanggun(Sisanri),섬진강,전라북도 순창군 쌍치면 시산리 산36-2,126.971944,35.488611,1990-12-15,350,최적(A),
560,40014060,수자원공사,임실군(용암리),Imsilgun(Yongamri),섬진강,전라북도 임실군 신평면 용암리 산119-3,127.188333,35.642778,1990-12-15,265,최적(A),
561,40014070,수자원공사,진안군(도통리),Jinangun(Dotongri),섬진강,전라북도 진안군 성수면 도통리 915-6,127.343056,35.712778,1990-12-15,420,최적(A),
562,40024020,수자원공사,임실군(섬진강댐),Imsilgun(Seomjingangdam),섬진강,전라북도 임실군 강진면 용수리 311-2,127.111667,35.542222,1990-12-15,220,최적(A),
563,40024030,환경부,임실군(일중리),Imsilgun(Iljungri),섬진강,전라북도 임실군 덕치면 일중리 568,127.15,35.496389,1962-06-01,129.3,A,(관측소명 변경) 덕치 → 임실군(일중리)
564,40024050,환경부,순창군(평남리),Sunchanggun(Pyeongnamri),섬진강,전라북도 순창군 적성면 평남리 산 118,127.215833,35.423333,1970-10-01,89.9,A,(관측소명 변경) 제2섬진 → 순창군(평남리)
565,40024060,환경부,임실군(청웅면사무소),Imsilgun(Cheongungmyeonsamuso),섬진강,전라북도 임실군 청웅면 구고리 220-1,127.201111,35.569444,2018-12-26,161.46,B,(관측소명 변경) → 임실군(두복리) → 임실군(청웅
566,40034010,환경부,임실군(문화체육센터),Imsilgun(Munhwacheyuksenteo),섬진강,전라북도 임실군 오수면 오수리 33,127.333056,35.545278,1990-03-12,126.2,A,(관측소명 변경) 둔남 → 임실군(문화체육센터)
567,40034020,환경부,순창군(현포리),Sunchanggun(Hyeonpori),섬진강,전라북도 순창군 동계면 현포리 820,127.245278,35.439444,1970-01-01,95.5,A,(관측소명 변경) 오수 → 순창군(현포리)
568,40034030,환경부,임실군(오봉리),Imsilgun(Obongri),섬진강,전라북도 임실군 성수면 오봉리 556-5,127.347778,35.63,2003-10-01,206.5,A,(관측소명 변경) 임실 → 임실군(오봉리)
569,40044010,환경부,곡성군(옥과톨게이트),Gokseonggun(Okgwatolgeiteu),섬진강,전라남도 곡성군 오산면 연화리 1065-1,127.116944,35.261389,1990-03-12,103.6,B,(관측소명 변경) 오산 → 곡성군(옥과톨게이트)
570,40044030,환경부,순창군(옥천교),Sunchanggun(Okcheongyo),섬진강,전라북도 순창군 순창읍 교성리 140-12,127.133611,35.374167,2003-10-01,95.6,A,(관측소명 변경) 순창2 → 순창군(옥천교)
571,40044040,환경부,순창군(유적교),Sunchanggun(Yujeokgyo),섬진강,전라북도 순창군 유등면 무수리 1143,127.209167,35.392778,1990-03-12,89.4,A,(관측소명 변경) 적성 → 순창군(유적교)
572,40044060,환경부,남원시(신덕리),Namwonsi(Sindeokri),섬진강,전라북도 남원시 대강면 신덕리 190,127.216667,35.331389,1962-07-01,74.2,A,(관측소명 변경) 대강 → 남원시(신덕리)
573,40044070,환경부,곡성군(괴소리),Gokseonggun(Goesori),섬진강,전라남도 곡성군 삼기면 괴소리 272-1,127.225833,35.227778,2016-01-01,144.37,A,(관측소명 변경) 삼기 → 곡성군(괴소리)
574,40054020,환경부,남원시(동림교),Namwonsi(Dongrimgyo),섬진강,전라북도 남원시 신촌동 460,127.391389,35.408611,1990-03-12,106.2,A,(관측소명 변경) 남원 → 남원시(동림교)
575,40054030,환경부,장수군(동화저수지),Jangsugun(Donghwajeosuji),섬진강,전라북도 장수군 번암면 죽림리 산 34-7,127.538611,35.545556,1990-03-12,330.1,B,(관측소명 변경) 번암2 → 장수군(동화저수지)
576,40054040,환경부,남원시(요천대교),Namwonsi(Yocheondaegyo),섬진강,전라북도 남원시 송동면 세전리 1336-77,127.311389,35.318889,2001-09-06,64.5,A,(관측소명 변경) 송동 → 남원시(요천대교)
577,40064010,환경부,곡성군(고달교),Gokseonggun(Godalgyo),섬진강,전라남도 곡성군 고달면 뇌죽리 964,127.329444,35.294722,1990-03-12,59.6,A,(관측소명 변경) 오곡 → 곡성군(고달교)
578,40074050,수자원공사,화순군(동복댐),Hwasungun(Dongbokdam),섬진강,전라남도 화순군 동복면 서리 26,127.100556,35.081944,1991-07-01,174,우수(B),
579,40074060,수자원공사,보성군(복내리),Boseonggun(Boknaeri),섬진강,전라남도 보성군 복내면 복내리 197-6,127.134444,34.896389,1991-07-01,112.3,우수(B),
580,40074070,수자원공사,순천시(우산리),Suncheongsi(Usanri),섬진강,전라남도 순천시 송광면 우산리 795-5,127.222778,34.973611,1991-07-01,127.5,우수(B),
581,40074080,수자원공사,순천시(주암댐),Suncheongsi(Juamdam),섬진강,전라남도 순천시 주암면 광천리 산2-3,127.235833,35.063333,1991-07-01,115,우수(B),
582,40074082,수자원공사,장흥군(봉동리),Jangheunggun(Bongdongri),섬진강,전라남도 장흥군 장동면 봉동리 245-1,127.0075,34.781667,2006-09-15,200,우수(B),
583,40074090,수자원공사,보성군(보성강댐),Boseonggun(Boseonggangdam),섬진강,전라남도 보성군 겸백면 용산리 221-2,127.144722,34.805278,2006-09-15,130,우수(B),
584,40074092,한수원,보성강댐,Boseonggang Dam,섬진강,전남 보성군 득량면 충의로 1771-18,127.153889,34.783889,1986-01-06,127.8,보통(C),영산강홍수통제소
585,40074140,수자원공사,화순군(동가리),Hwasungun(Donggari),섬진강,전라남도 화순군 한천면 동가리 311-8,127.065278,34.969167,2009-10-28,150,최적(A),
586,40074143,수자원공사,화순군(맹리),Hwasungun(Maengri),섬진강,전라남도 화순군 북면 맹리 568-3,127.093333,35.178611,2009-10-28,196,최적(A),
587,40084010,환경부,곡성군(태안교),Gokseonggun(Taeangyo),섬진강,전라남도 곡성군 죽곡면 유봉리 549-24,127.346667,35.160278,1996-03-01,53.1,A,(관측소명 변경) 죽곡 → 곡성군(태안교)
588,40084020,환경부,곡성군(석곡톨게이트),Gokseonggun(Seokgoktolgeiteu),섬진강,전라남도 곡성군 석곡면 유정리 417-2,127.25,35.126667,2003-10-01,74.8,A,(관측소명 변경) 석곡 → 곡성군(석곡톨게이트)
589,40094050,환경부,하동군(묵계리),Hadonggun(Mukgyeri),섬진강,경상남도 하동군 청암면 묵계리 산 279-3,127.709444,35.243056,1984-04-28,691.7,B,(관측소명 변경) 진주암 → 하동군(묵계리)
590,40094060,환경부,구례군(구례교),Guregun(Guryegyo),섬진강,전라남도 구례군 구례읍 신월리 595-1,127.454167,35.165556,1990-03-12,40,A,(관측소명 변경) 구례2 → 구례군(구례교)
591,40094070,환경부,구례군(문수리경로당),Guryegun(Munsurigyeongrodang),섬진강,전라남도 구례군 토지면 문수리 1192,127.520556,35.223333,1990-03-12,252.1,B,(관측소명 변경) 노고단 → 구례군(문수리경로당)
592,40094080,환경부,하동군(쌍계초교),Hadonggun(Ssanggyechogyo),섬진강,경상남도 하동군 화개면 운수리 산 96-1,127.645,35.233889,1990-03-12,173.8,A,(관측소명 변경) 쌍계 → 하동군(쌍계초교)
593,40094090,환경부,하동군(읍내리),Hadonggun(Eupnaeri),섬진강,경상남도 하동군 하동읍 읍내리 1564,127.740556,35.066667,1990-03-12,13.8,A,(관측소명 변경) 하동2 → 하동군(읍내리)
594,40094100,환경부,하동군(횡천초교),Hadonggun(Hoengcheonchogyo),섬진강,경상남도 하동군 횡천면 횡천리 768-3,127.808333,35.110833,1990-03-12,33.6,B,(관측소명 변경) 횡천 → 하동군(횡천초교)
595,40094110,환경부,곡성군(예성교),Gokseonggun(Yeseonggyo),섬진강,전라남도 곡성군 오곡면 압록리 330-1,127.374167,35.198611,1917-03-01,49.1,A,(관측소명 변경) 압록 → 곡성군(예성교)
596,40094120,환경부,광양시(남도대교),Gwangyangsi(Namdodaegyo),섬진강,전라남도 광양시 다압면 하천리 551,127.626389,35.181667,2005-01-21,21.5,A,(관측소명 변경) 화개 → 광양시(남도대교)
597,40094140,환경부,광양시(다압취수장),Gwangyangsi(Daapchwisujang),섬진강,전라남도 광양시 다압면 고사리 1853-5,127.683333,35.137222,2007-01-01,18.4,A,(관측소명 변경) 다압 → 광양시(다압취수장)
598,40094150,환경부,순천시(괴목리),Suncheongsi(Goemokri),섬진강,전라남도 순천시 황전면 괴목리 462,127.428611,35.101667,2007-01-01,76,B,(관측소명 변경) 황전 → 순천시(괴목리)
599,40094160,환경부,구례군(서시교),Guryegun(Seosigyo),섬진강,전라남도 구례군 구례읍 봉동리 574-1,127.474722,35.211111,2007-01-01,35.5,A,(관측소명 변경) 서시 → 구례군(서시교)
600,40094170,환경부,구례군(문수리),Guryegun(Munsuri),섬진강,전라남도 구례군 토지면 문수리 산 17,127.528889,35.293333,2004-09-18,1443.8,A,(관측소명 변경) 지리산2 → 구례군(문수리) (관측소
601,41044020,수자원공사,순천시(주암조절지댐),Suncheongsi(Juamjojeoljidam),섬진강남해,전라남도 순천시 상사면 용계리 224-9,127.426667,34.945,1997-07-01,40.9,최적(A),
602,41044030,수자원공사,순천시(죽학리),Suncheongsi(Jukhakri),섬진강남해,전라남도 순천시 승주읍 죽학리 76-1,127.363056,34.990556,1996-05-27,114,우수(B),
603,41044040,환경부,순천국토관리사무소,Suncheonguktogwallisamuso,섬진강남해,전라남도 순천시 덕월동 410-1,127.491111,34.931667,1914-06-01,14.4,A,(관측소명 변경) 순천2 → 순천국토관리사무소
604,41054030,수자원공사,광양시(수어댐),Gwangyangsi(Sueodam),섬진강남해,전라남도 광양시 진상면 섬거리 산35-2,127.7175,35.033611,2005-01-01,69,우수(B),
605,41054050,수자원공사,광양시(어치리),Gwangyangsi(Eochiri),섬진강남해,전라남도 광양시 진상면 어치리 737,127.6775,35.075278,2009-10-12,190,최적(A),
606,50014020,환경부,광주광역시(대성초교),Gwangju(Daeseongchogyo),영산강,광주광역시 남구 서동 65-55,126.904722,35.143611,1992-04-01,56.7,A,(관측소명 변경) 광주 → 광주광역시(대성초교)
607,50014030,환경부,담양군(광주댐),Damyanggun(Gwangjudam),영산강,전라남도 담양군 고서면 분향리 산 6-3,126.989444,35.2,1992-04-01,83.7,A,(관측소명 변경) 광주댐 → 담양군(광주댐)
608,50014040,환경부,광주광역시(무등산2중계소),Gwangju(Mudeungsan2junggyeso),영산강,광주광역시 동구 용연동 산 354-4,126.996944,35.115,1992-04-01,907.6,B,(관측소명 변경) 무등산 → 광주광역시(무등산2중계소
609,50014050,환경부,담양군(담양댐),Damyanggun(Damyangdam),영산강,전라남도 담양군 금성면 대성리 산 7-1,127.013889,35.373333,1992-04-01,139.494,A,(관측소명 변경) 담양댐 → 담양군(담양댐)
610,50014060,환경부,담양군(삼지교),Damyanggun(Samjigyo),영산강,전라남도 담양군 수북면 정중리 81-4,126.935833,35.270556,2003-08-26,38.7,A,(관측소명 변경) 삼지 → 담양군(삼지교)
611,50014070,수자원공사,담양군(담양홍수조절지),Damyanggun(Damyanghongsujojeoljidam),영산강,전라남도 담양군 월산면화방리 14-25,126.966944,35.335556,2012-05-16,55,최적(A),
612,50024020,환경부,장성군(백암저수지),Jangseonggun(Baekamjeosuji),영산강,전라남도 장성군 북이면 백암리 산 11-1,126.775278,35.447222,1962-07-01,205.4,A,(관측소명 변경) 북이 → 장성군(백암저수지)
613,50024030,환경부,장성군(장성댐),Jangseonggun(Jangseongdam),영산강,전라남도 장성군 장성읍 용강리 87-8,126.819722,35.354444,1992-04-01,103.74,A,(관측소명 변경) 장성댐 → 장성군(장성댐)
614,50024040,환경부,장성군(월평리),Jangseonggun(Wolpyeongri),영산강,전라남도 장성군 황룡면 월평리 572,126.776944,35.290556,2016-01-01,48.04,A,(관측소명 변경) 황룡 → 장성군(월평리)
615,50024050,수자원공사,장성군(수산리),Jangseonggun(Susanri),영산강,전라남도 장성군 삼계면 수산리 762-3,126.668889,35.306667,2008-01-01,125,최적(A),
616,50024051,수자원공사,장성군(평림댐),Jangseonggun(Pyeonglimdam),영산강,전라남도 장성군 삼계면 수옥리 산214-2,126.6825,35.285278,2008-05-26,123.85,우수(B),
617,50034030,환경부,나주시(나주댐),Najusi(Najudam),영산강,전라남도 나주시 다도면 판촌리 1123-5,126.844444,34.964167,1992-04-01,78.9,A,(관측소명 변경) 나주댐 → 나주시(나주댐)
618,50034040,환경부,화순군(신성교),Hwasungun(Sinseonggyo),영산강,전라남도 화순군 도곡면 평리 524-2,126.896389,35.003333,1994-07-11,32.6,A,(관측소명 변경) 능주 → 화순군(신성교)
619,50034050,환경부,광주광역시(양과동),Gwangju(Yanggwadong),영산강,광주광역시 남구 양과동 890,126.866389,35.086111,2002-01-01,40.9,A,(관측소명 변경) 이장 → 광주광역시(양과동)
620,50034060,환경부,화순군(동면초교),Hwasungun(Dongmyeonchogyo),영산강,전라남도 화순군 동면 장동리 355-3,127.041389,35.031111,2002-01-01,92.6,A,(관측소명 변경) 동면 → 화순군(동면초교)
621,50034070,환경부,화순군(청풍초교),Hwasungun(Cheongpungchogyo),영산강,전라남도 화순군 청풍면 차리 270,126.971111,34.875278,2002-01-01,96.5,A,(관측소명 변경) 청풍 → 화순군(청풍초교)
622,50034080,수자원공사,화순군(화순홍수조절지),Hwasungun(Hwasunhongsujojeoljidam),영산강,전라남도 화순군 청풍면풍암리 92-6,126.984444,34.927222,2012-05-16,76,우수(B),
623,50044030,환경부,광주광역시(동곡초교),Gwangju(Donggokchogyo),영산강,광주광역시 광산구 하산동 141,126.773056,35.097778,1992-04-01,17,A,(관측소명 변경) 동곡 → 광주광역시(동곡초교)
624,50044040,환경부,나주시(봉황초교),Najusi(Bonghwangchogyo),영산강,전라남도 나주시 봉황면 죽석리 771,126.789167,34.9575,1992-04-01,31.2,A,(관측소명 변경) 봉황 → 나주시(봉황초교)
625,50054010,환경부,장성군(삼서면사무소),Jangseonggun(Samseomyeonsamuso),영산강,전라남도 장성군 삼서면 대곡리 815-1,126.645833,35.231944,1961-08-01,56.3,A,(관측소명 변경) 삼서 → 장성군(삼서면사무소)
626,50054020,환경부,함평군(나산교),Hampyeonggun(Nasangyo),영산강,전라남도 함평군 나산면 삼축리 181-3,126.611944,35.111389,2004-12-10,24.1,A,(관측소명 변경) 나산 → 함평군(나산교)
627,50064020,환경부,함평군(기산초교),Hampyeonggun(Gisanchogyo),영산강,전라남도 함평군 함평읍 기각리 737,126.517778,35.067778,1992-04-01,32.9,A,(관측소명 변경) 함평 → 함평군(기산초교)
628,50074010,환경부,영암군(도포중교),Yeongamgun(Dopojunggyo),영산강,전라남도 영암군 도포면 구학리 264-1,126.643611,34.85,1992-04-01,22.6,A,(관측소명 변경) 도포 → 영암군(도포중교)
629,50074020,환경부,영암군(장천초교),Yeongamgun(Jangcheonchogyo),영산강,전라남도 영암군 서호면 장천리 573,126.581667,34.755556,2018-01-01,22.58,B,(관측소명 변경) 서호 → 영암군(장천초교)
630,50084010,환경부,하구언(내),Hagueon(Nae),영산강,전라남도 영암군 삼호읍 나불리 964,126.449167,34.786111,1992-04-01,11.2,A,
631,51014020,환경부,강진군(병영면사무소),Gangjingun(Byeongyeongmyeonsamuso),탐진강,전라남도 강진군 병영면 성남리 189-2,126.812778,34.717222,1997-01-01,41.6,A,(관측소명 변경) 병영 → 강진군(병영면사무소)
632,51014030,환경부,장흥군(조양리),Jangheunggun(Joyangri),탐진강,전라남도 장흥군 유치면 조양리 682-2,126.834167,34.800833,1997-01-01,91.3,B,(관측소명 변경) 유치 → 장흥군(조양리)
633,51014040,수자원공사,영암군(한대리),Yeongamgun(Handaeri),탐진강,전라남도 영암군 영암읍 한대리 262-1,126.784167,34.806111,2000-03-15,202,최적(A),
634,51014050,수자원공사,장흥군(운월리),Janggeunggun(Unwolri),탐진강,전라남도 장흥군 유치면 운월리 555-4,126.851111,34.839444,1996-03-15,267,최적(A),
635,51014060,수자원공사,장흥군(장흥댐),Jangheunggun(Jangheungdam),탐진강,전라남도 장흥군 부산면 지천리 489-1,126.886944,34.753056,2000-03-15,58,우수(B),
636,51014080,환경부,강진군(작천중교),Gangjingun(Jakcheonjunggyo),탐진강,전라남도 강진군 작천면 평리 172-1,126.771111,34.706111,2000-06-01,42.5,A,(관측소명 변경) 작천 → 강진군(작천중교)
637,51014090,환경부,강진군(석교교),Gangjingun(Seokgyogyo),탐진강,전라남도 강진군 군동면 석교리 148-3,126.816389,34.636111,2000-06-01,13.2,A,(관측소명 변경) 군동 → 강진군(석교교)
638,51014100,환경부,장흥군(별천교),Janggeunggun(Byeolcheongyo),탐진강,전라남도 장흥군 부산면 금자리 1118-16,126.906111,34.731389,2000-06-01,41.8,A,(관측소명 변경) 유양 → 장흥군(별천교)
